/*
SQLyog 企业版 - MySQL GUI v8.14 
MySQL - 5.7.32-log : Database - charging
*********************************************************************
*/


/*!40101 SET NAMES utf8 */;

/*!40101 SET SQL_MODE=''*/;

/*!40014 SET @OLD_UNIQUE_CHECKS=@@UNIQUE_CHECKS, UNIQUE_CHECKS=0 */;
/*!40014 SET @OLD_FOREIGN_KEY_CHECKS=@@FOREIGN_KEY_CHECKS, FOREIGN_KEY_CHECKS=0 */;
/*!40101 SET @OLD_SQL_MODE=@@SQL_MODE, SQL_MODE='NO_AUTO_VALUE_ON_ZERO' */;
/*!40111 SET @OLD_SQL_NOTES=@@SQL_NOTES, SQL_NOTES=0 */;
CREATE DATABASE /*!32312 IF NOT EXISTS*/`charging` /*!40100 DEFAULT CHARACTER SET utf8mb4 */;

USE `charging`;

/*Table structure for table `charging_admin` */

DROP TABLE IF EXISTS `charging_admin`;

CREATE TABLE `charging_admin` (
  `id` int(11) NOT NULL AUTO_INCREMENT COMMENT '编号',
  `adminname` varchar(128) DEFAULT ' ' COMMENT '管理员名称',
  `password` varchar(128) DEFAULT ' ' COMMENT '管理员密码',
  `create_time` timestamp NULL DEFAULT CURRENT_TIMESTAMP COMMENT '创建时间',
  `update_time` datetime DEFAULT CURRENT_TIMESTAMP COMMENT '更新时间',
  `deleted` tinyint(1) DEFAULT '0' COMMENT '是否删除',
  PRIMARY KEY (`id`)
) ENGINE=InnoDB DEFAULT CHARSET=utf8mb4 CHECKSUM=1 DELAY_KEY_WRITE=1 ROW_FORMAT=DYNAMIC COMMENT='管理员表';

/*Data for the table `charging_admin` */

/*Table structure for table `charging_bill_exception` */

DROP TABLE IF EXISTS `charging_bill_exception`;

CREATE TABLE `charging_bill_exception` (
  `id` int(11) NOT NULL AUTO_INCREMENT COMMENT '主键',
  `bill_id` varchar(255) DEFAULT ' ' COMMENT '订单编号',
  `electricity` decimal(10,0) DEFAULT '0' COMMENT '电源',
  `voltage` decimal(10,0) DEFAULT '0' COMMENT '电压',
  `temperature` float DEFAULT '0' COMMENT '温度',
  `bill_starttime` timestamp NOT NULL DEFAULT CURRENT_TIMESTAMP ON UPDATE CURRENT_TIMESTAMP COMMENT '订单开始时间',
  `create_time` timestamp NOT NULL DEFAULT CURRENT_TIMESTAMP COMMENT '记录创建时间',
  `deleted` tinyint(1) DEFAULT '0' COMMENT '是否删除',
  PRIMARY KEY (`id`)
) ENGINE=InnoDB DEFAULT CHARSET=utf8mb4 CHECKSUM=1 DELAY_KEY_WRITE=1 ROW_FORMAT=DYNAMIC COMMENT='订单异常表';

/*Data for the table `charging_bill_exception` */

/*Table structure for table `charging_bill_fail` */

DROP TABLE IF EXISTS `charging_bill_fail`;

CREATE TABLE `charging_bill_fail` (
  `id` int(10) NOT NULL AUTO_INCREMENT COMMENT '编号',
  `bill_id` varchar(256) NOT NULL DEFAULT '0' COMMENT '订单号',
  `user_id` int(10) DEFAULT '0' COMMENT '用户ID',
  `operator_id` int(10) DEFAULT '0' COMMENT '运营商ID',
  `station_id` int(10) DEFAULT '0' COMMENT '场站ID',
  `gun_id` int(10) DEFAULT '0' COMMENT '设备ID',
  `vehicle_id` int(11) DEFAULT '0' COMMENT '车辆编号',
  `fail_desc` varchar(256) DEFAULT ' ' COMMENT '失败描述',
  `create_time` timestamp NULL DEFAULT CURRENT_TIMESTAMP COMMENT '创建时间',
  `update_time` timestamp NULL DEFAULT CURRENT_TIMESTAMP COMMENT '更新时间',
  `deleted` tinyint(4) DEFAULT '0' COMMENT '是否删除',
  PRIMARY KEY (`id`)
) ENGINE=InnoDB AUTO_INCREMENT=1276428336 DEFAULT CHARSET=utf8mb4;

/*Data for the table `charging_bill_fail` */

insert  into `charging_bill_fail`(`id`,`bill_id`,`user_id`,`operator_id`,`station_id`,`gun_id`,`vehicle_id`,`fail_desc`,`create_time`,`update_time`,`deleted`) values (1276428317,'100000_2023-09-22 11:24:43_9',0,0,0,0,0,'设备自检失败','2023-09-22 11:25:03','2023-09-22 11:25:03',0),(1276428318,'100000_2023-09-22 11:24:43_99',19,1,2,7,12,'设备没响应','2023-09-22 11:29:09','2023-09-22 11:29:09',0),(1276428319,'100000_2023-09-22 11:29:43_76',19,1,2,7,12,'设备自检失败','2023-09-22 11:29:58','2023-09-22 11:29:58',0),(1276428320,'100000_2023-09-22 11:46:10_99',19,1,2,7,12,'设备没响应','2023-09-22 11:48:28','2023-09-22 11:48:28',0),(1276428321,'100000_2023-09-22 11:53:18_25',19,1,2,7,12,'设备没响应','2023-09-22 11:55:19','2023-09-22 11:55:19',0),(1276428322,'100000_2023-09-22 11:53:25_47',19,1,2,7,12,'设备没响应','2023-09-22 11:55:26','2023-09-22 11:55:26',0),(1276428323,'100000_2023-09-22 11:55:17_8',19,1,2,7,12,'设备没响应','2023-09-22 11:57:17','2023-09-22 11:57:17',0),(1276428324,'100000_2023-09-22 11:57:29_35',19,1,2,7,12,'设备没响应','2023-09-22 11:59:29','2023-09-22 11:59:29',0),(1276428325,'100000_2023-09-22 11:57:58_5',19,1,2,7,12,'设备没响应','2023-09-22 11:59:58','2023-09-22 11:59:58',0),(1276428326,'100000_2023-09-22 11:58:38_66',19,1,2,7,12,'设备没响应','2023-09-22 12:00:39','2023-09-22 12:00:39',0),(1276428327,'100000_2023-09-22 12:00:39_99',19,1,2,7,12,'设备没响应','2023-09-22 12:02:40','2023-09-22 12:02:40',0),(1276428328,'100000_2023-09-22 14:35:19_96',19,1,2,7,12,'设备没响应','2023-09-22 14:37:20','2023-09-22 14:37:20',0),(1276428329,'100000_2023-09-22 14:35:59_48',19,1,2,7,12,'设备没响应','2023-09-22 14:37:59','2023-09-22 14:37:59',0),(1276428330,'100000_2023-09-22 14:40:16_6',19,1,2,7,12,'设备没响应','2023-09-22 14:42:16','2023-09-22 14:42:16',0),(1276428331,'100000_2023-09-25 11:00:47_83',19,1,2,7,12,'设备没响应','2023-09-25 11:02:54','2023-09-25 11:02:54',0),(1276428332,'100000_2023-09-25 11:01:45_54',19,1,2,7,12,'设备没响应','2023-09-25 11:03:46','2023-09-25 11:03:46',0),(1276428333,'100000_2023-09-25 11:10:48_61',19,1,2,7,12,'设备没响应','2023-09-25 11:12:49','2023-09-25 11:12:49',0),(1276428334,'100000_2023-09-25 11:42:51_76',19,1,2,7,12,'设备没响应','2023-09-25 11:44:51','2023-09-25 11:44:51',0),(1276428335,'100000_2023-09-25 11:44:45_6',19,1,2,7,12,'设备没响应','2023-09-25 11:46:45','2023-09-25 11:46:45',0);

/*Table structure for table `charging_bill_progress` */

DROP TABLE IF EXISTS `charging_bill_progress`;

CREATE TABLE `charging_bill_progress` (
  `id` int(10) NOT NULL AUTO_INCREMENT COMMENT '编号',
  `bill_id` varchar(255) NOT NULL DEFAULT ' ' COMMENT '订单号',
  `charging_capacity` float DEFAULT '0' COMMENT '充电量（kwh）',
  `battery_temperature` float(9,4) DEFAULT '0.0000' COMMENT '电池温度',
  `create_time` timestamp NULL DEFAULT CURRENT_TIMESTAMP COMMENT '创建时间',
  `total_capacity` float unsigned zerofill DEFAULT '000000000000' COMMENT '总电量',
  `update_time` timestamp NULL DEFAULT CURRENT_TIMESTAMP COMMENT '更新时间',
  `deleted` tinyint(4) DEFAULT '0' COMMENT '是否删除',
  PRIMARY KEY (`id`,`bill_id`),
  UNIQUE KEY `Id` (`id`)
) ENGINE=InnoDB DEFAULT CHARSET=utf8mb4;

/*Data for the table `charging_bill_progress` */

/*Table structure for table `charging_bill_succes` */

DROP TABLE IF EXISTS charging_bill_success;

CREATE TABLE `charging_bill_success` (
  `id` int(10) NOT NULL AUTO_INCREMENT COMMENT '编号',
  `bill_id` varchar(255) NOT NULL COMMENT '订单号',
  `charging_capacity` int(3) DEFAULT NULL COMMENT '充电量（kwh）',
  `electric_money` decimal(8,3) DEFAULT NULL COMMENT '电费',
  `service_money` decimal(8,3) DEFAULT NULL COMMENT '服务费',
  `charging_duration` int(11) DEFAULT NULL COMMENT '充电时长',
  `user_id` int(11) DEFAULT NULL COMMENT '用户ID',
  `operator_id` int(11) DEFAULT NULL COMMENT '运营商ID',
  `station_id` int(11) DEFAULT NULL COMMENT '场站ID',
  `gun_id` int(11) DEFAULT NULL COMMENT '设备ID',
  `vehicle_id` int(11) DEFAULT NULL COMMENT '车辆编号',
  `charging_start_time` datetime DEFAULT NULL COMMENT '充电开始时间',
  `charging_end_time` datetime DEFAULT NULL COMMENT '充电结束时间',
  `bill_status` tinyint(4) DEFAULT NULL COMMENT '订单状态(1充电中 2正常结束 3异常结束 4欠费)',
  `pay_amount` decimal(8,3) DEFAULT NULL COMMENT '支付金额',
  `pay_time` datetime DEFAULT NULL COMMENT '支付时间',
  `pay_channel` tinyint(4) DEFAULT NULL COMMENT '支付渠道',
  `create_time` timestamp NULL DEFAULT CURRENT_TIMESTAMP COMMENT '订单创建时间',
  `update_time` timestamp NULL DEFAULT CURRENT_TIMESTAMP COMMENT '更新时间',
  `deleted` tinyint(4) DEFAULT '0' COMMENT '是否删除',
  PRIMARY KEY (`id`,`bill_id`),
  UNIQUE KEY `Id` (`id`)
) ENGINE=InnoDB AUTO_INCREMENT=43 DEFAULT CHARSET=utf8mb4;

/*Data for the table `charging_bill_succes` */

insert  into charging_bill_success(`id`, `bill_id`, `charging_capacity`, `electric_money`, `service_money`, `charging_duration`, `user_id`, `operator_id`, `station_id`, `gun_id`, `vehicle_id`, `charging_start_time`, `charging_end_time`, `bill_status`, `pay_amount`, `pay_time`, `pay_channel`, `create_time`, `update_time`, `deleted`)values (41, '100000_2023-09-22 10:56:56_92', NULL, NULL, NULL, NULL, 19, 1, 2, 7, 12, '2023-09-22 10:57:24', NULL, 1, NULL, NULL, NULL, '2023-09-22 10:57:23', '2023-09-22 10:57:23', 0),(42, '100000_2023-09-22 10:59:23_71', NULL, NULL, NULL, NULL, 19, 1, 2, 7, 12, '2023-09-22 10:59:39', NULL, 3, NULL, NULL, NULL, '2023-09-22 10:59:39', '2023-09-22 10:59:39', 0);

/*Table structure for table `charging_cost_rule` */

DROP TABLE IF EXISTS `charging_cost_rule`;

CREATE TABLE `charging_cost_rule` (
  `id` int(11) NOT NULL AUTO_INCREMENT COMMENT '编号',
  `station_id` int(11) DEFAULT '0' COMMENT '充电站编号',
  `gun_type` tinyint(4) DEFAULT NULL COMMENT '设备类型',
  `name` varchar(128) DEFAULT NULL COMMENT '计费名称',
  `start_time` int(11) DEFAULT '0' COMMENT '起始时间',
  `end_time` int(11) DEFAULT '0' COMMENT '结束时间',
  `power_fee` decimal(10,2) DEFAULT '0.00' COMMENT '电费',
  `service_fee` decimal(10,2) DEFAULT '0.00' COMMENT '服务费',
  PRIMARY KEY (`id`)
) ENGINE=InnoDB AUTO_INCREMENT=7 DEFAULT CHARSET=utf8mb4;

/*Data for the table `charging_cost_rule` */

insert  into `charging_cost_rule`(`id`,`station_id`,`gun_type`,`name`,`start_time`,`end_time`,`power_fee`,`service_fee`) values (1,5,1,'尖上午',8,12,'1.50','0.40'),(2,5,1,'尖下午',14,18,'1.50','0.40'),(3,5,1,'峰',18,24,'1.40','0.40'),(4,5,1,'平',12,14,'1.30','0.40'),(5,5,1,'谷',0,8,'1.00','0.40'),(6,6,1,'尖上午',8,12,'1.50','0.40');

/*Table structure for table `charging_gun_info` */

DROP TABLE IF EXISTS `charging_gun_info`;

CREATE TABLE `charging_gun_info` (
  `id` int(11) NOT NULL AUTO_INCREMENT COMMENT '编号',
  `gun_number` char(1) NOT NULL COMMENT '枪编号',
  `gun_name` varchar(10) DEFAULT NULL COMMENT '枪名称',
  `power` float(9,4) DEFAULT NULL COMMENT '额定功率 KW',
  `electricity` float(9,4) DEFAULT NULL COMMENT '额定电流 A',
  `voltage_upper_limits` float(9,4) DEFAULT NULL COMMENT '电压上限 V',
  `voltage_lower_limits` float(9,4) DEFAULT NULL COMMENT '电压下限 V',
  `gun_type` tinyint(1) DEFAULT NULL COMMENT '枪类型',
  `pile_id` tinyint(1) DEFAULT NULL COMMENT '充电桩ID',
  `gun_status` tinyint(1) DEFAULT NULL COMMENT '枪状态(1空闲 2使用中 3故障 4离线)',
  `create_time` timestamp NULL DEFAULT CURRENT_TIMESTAMP COMMENT '创建时间',
  `update_time` timestamp NULL DEFAULT CURRENT_TIMESTAMP COMMENT '更新时间',
  `deleted` tinyint(4) DEFAULT '0' COMMENT '是否删除',
  PRIMARY KEY (`id`)
) ENGINE=InnoDB AUTO_INCREMENT=23 DEFAULT CHARSET=utf8mb4;

/*Data for the table `charging_gun_info` */

insert  into `charging_gun_info`(`id`,`gun_number`,`gun_name`,`power`,`electricity`,`voltage_upper_limits`,`voltage_lower_limits`,`gun_type`,`pile_id`,`gun_status`,`create_time`,`update_time`,`deleted`) values (1,'0','特来电充电桩',1.6000,112.0000,600.0000,380.0000,2,1,1,'2018-08-09 00:00:00','2023-06-08 10:25:47',0),(2,'0','特来电充电桩',1.6000,112.0000,600.0000,380.0000,2,1,1,'2018-08-09 00:00:00','2023-06-08 10:25:47',0),(3,'0','特来电充电桩',1.6000,112.0000,600.0000,380.0000,2,2,1,'2018-08-09 00:00:00','2023-06-08 10:25:47',0),(4,'0','特来电充电桩',1.6000,112.0000,600.0000,380.0000,2,2,1,'2018-08-09 00:00:00','2023-06-08 10:25:47',0),(5,'0','特来电充电桩',1.6000,112.0000,600.0000,380.0000,2,3,1,'2018-08-09 00:00:00','2023-06-08 10:25:47',0),(6,'0','特来电充电桩',1.6000,112.0000,600.0000,380.0000,2,3,1,'2018-08-09 00:00:00','2023-06-08 10:25:47',0),(7,'0','001号充电枪',1.6000,7.0000,600.0000,380.0000,1,4,1,'2018-08-09 00:00:00','2023-06-08 10:25:47',0),(8,'0','002号充电枪',1.6000,7.0000,600.0000,380.0000,1,4,1,'2018-08-09 00:00:00','2023-06-08 10:25:47',0),(9,'0','003号充电枪',1.6000,70.0000,600.0000,380.0000,2,5,1,'2018-08-09 00:00:00','2023-06-08 10:25:47',0),(10,'1','星星充电',1.6000,112.0000,600.0000,380.0000,1,5,1,'2018-08-09 00:00:00','2023-06-08 10:25:47',0),(11,'1','星星充电',1.6000,112.0000,600.0000,380.0000,2,6,1,'2018-08-09 00:00:00','2023-06-08 10:25:47',0),(12,'1','星星充电',1.6000,112.0000,600.0000,380.0000,2,6,1,'2018-08-09 00:00:00','2023-06-08 10:25:47',0),(13,'1','004号充电枪',1.6000,70.0000,600.0000,380.0000,2,7,1,'2018-08-09 00:00:00','2023-06-08 10:25:47',0),(14,'1','星星充电',1.6000,112.0000,600.0000,380.0000,2,9,1,'2018-08-09 00:00:00','2023-06-08 10:25:47',0),(15,'0','特来电充电桩',1.6000,112.0000,600.0000,380.0000,2,10,1,'2018-08-09 00:00:00','2023-06-08 10:25:47',0),(16,'0','特来电充电桩',1.6000,112.0000,600.0000,380.0000,2,10,1,'2018-08-09 00:00:00','2023-06-08 10:25:47',0),(17,'0','特来电充电桩',1.6000,112.0000,600.0000,380.0000,2,11,1,'2018-08-09 00:00:00','2023-06-08 10:25:47',0),(18,'0','特来电充电桩',1.6000,112.0000,600.0000,380.0000,2,11,1,'2018-08-09 00:00:00','2023-06-08 10:25:47',0),(19,'1','星星充电',1.6000,112.0000,600.0000,380.0000,2,12,1,'2018-08-09 00:00:00','2023-06-08 10:25:47',0),(20,'1','星星充电',1.6000,112.0000,600.0000,380.0000,2,12,1,'2018-08-09 00:00:00','2023-06-08 10:25:47',0),(21,'1','星星充电',1.6000,112.0000,600.0000,380.0000,2,13,1,'2018-08-09 00:00:00','2023-06-08 10:25:47',0),(22,'1','星星充电',1.6000,112.0000,600.0000,380.0000,2,13,1,'2018-08-09 00:00:00','2023-06-08 10:25:47',0);

/*Table structure for table `charging_operator_info` */

DROP TABLE IF EXISTS `charging_operator_info`;

CREATE TABLE `charging_operator_info` (
  `id` int(10) NOT NULL AUTO_INCREMENT COMMENT '编号',
  `operator_number` varchar(255) NOT NULL COMMENT '运营商编号',
  `operator_name` varchar(255) DEFAULT NULL COMMENT '运营商名称',
  `business` varchar(255) DEFAULT NULL COMMENT '经营业务',
  `phone` varchar(11) DEFAULT NULL COMMENT '联系方式',
  `address` varchar(255) DEFAULT NULL COMMENT '地址',
  `create_time` timestamp NULL DEFAULT CURRENT_TIMESTAMP COMMENT '创建时间',
  `update_time` timestamp NULL DEFAULT CURRENT_TIMESTAMP COMMENT '更新时间',
  `deleted` tinyint(4) DEFAULT '0' COMMENT '是否删除',
  PRIMARY KEY (`id`)
) ENGINE=InnoDB AUTO_INCREMENT=3 DEFAULT CHARSET=utf8mb4;

/*Data for the table `charging_operator_info` */

insert  into `charging_operator_info`(`id`,`operator_number`,`operator_name`,`business`,`phone`,`address`,`create_time`,`update_time`,`deleted`) values (1,'001','星星充电','新能源车云快充','010-7654231','北京市海淀区中关村中鼎大厦','2023-06-08 10:27:00','2023-06-08 10:27:00',0),(2,'002','特来电','能链智电云快充','021-8542132','上海市浦东新区世纪广场','2023-06-08 10:27:00','2023-06-08 10:27:00',0);

/*Table structure for table `charging_pile_info` */

DROP TABLE IF EXISTS `charging_pile_info`;

CREATE TABLE `charging_pile_info` (
  `id` int(10) NOT NULL AUTO_INCREMENT COMMENT '编号',
  `pile_number` char(10) NOT NULL COMMENT '桩编号',
  `pile_name` varchar(10) DEFAULT NULL COMMENT '桩名称',
  `gun_infos` varchar(10) DEFAULT NULL COMMENT '枪编号[]',
  `power` decimal(9,4) DEFAULT NULL COMMENT '额定总功率',
  `pile_type` tinyint(1) DEFAULT NULL COMMENT '设备类型(直/交流、交直一体、其它)',
  `pile_model` tinyint(1) DEFAULT NULL COMMENT '设备型号',
  `protocol` tinyint(1) DEFAULT NULL COMMENT '协议',
  `network` tinyint(1) DEFAULT NULL COMMENT '网络',
  `pile_lng` decimal(12,6) DEFAULT NULL COMMENT '经度',
  `pile_lat` decimal(12,6) DEFAULT NULL COMMENT '纬度',
  `station_id` int(10) DEFAULT NULL COMMENT '场站ID',
  `create_time` timestamp NULL DEFAULT CURRENT_TIMESTAMP COMMENT '创建时间',
  `update_time` timestamp NULL DEFAULT CURRENT_TIMESTAMP COMMENT '更新时间',
  `deleted` tinyint(4) DEFAULT '0' COMMENT '是否删除',
  PRIMARY KEY (`id`)
) ENGINE=InnoDB AUTO_INCREMENT=17 DEFAULT CHARSET=utf8mb4;

/*Data for the table `charging_pile_info` */

insert  into `charging_pile_info`(`id`,`pile_number`,`pile_name`,`gun_infos`,`power`,`pile_type`,`pile_model`,`protocol`,`network`,`pile_lng`,`pile_lat`,`station_id`,`create_time`,`update_time`,`deleted`) values (1,'01','特来电充电桩','1','60.0000',1,0,0,0,'116.355636','39.953941',1,'2018-08-09 00:00:00','2023-06-08 10:28:37',0),(2,'02','特来电充电桩','2','150.0000',1,0,0,0,'116.358102','39.952402',1,'2018-09-10 00:00:00','2023-06-08 10:28:37',0),(3,'03','特来电充电桩','3','60.0000',2,0,0,0,'116.339283','39.968656',2,'2017-08-09 00:00:00','2023-06-08 10:28:37',0),(4,'04','特来电充电桩','4','60.0000',2,0,0,0,'116.343601','39.967985',2,'2018-08-12 00:00:00','2023-06-08 10:28:37',0),(5,'05','特来电充电桩','5','150.0000',2,0,0,0,'116.342095','39.968489',3,'2018-08-15 00:00:00','2023-06-08 10:28:37',0),(6,'06','星星充电','1','60.0000',2,0,0,0,'116.355988','39.954361',4,'2018-08-09 00:00:00','2023-06-08 10:28:37',0),(7,'07','星星充电','2','60.0000',1,0,0,0,'116.404317','39.989974',5,'2018-08-09 00:00:00','2023-06-08 10:28:37',0),(8,'08','星星充电','3','150.0000',2,0,0,0,'116.401988','39.966458',5,'2018-08-09 00:00:00','2023-06-08 10:28:37',0),(9,'09','星星充电','4','70.0000',2,0,0,0,'116.363514','39.959671',5,'2018-08-09 00:00:00','2023-06-08 10:28:37',0),(13,'10','特来电充电桩','6','60.0000',1,0,0,0,'116.388399','39.906451',5,'2018-08-09 00:00:00','2023-06-08 10:28:37',0),(14,'11','特来电充电桩','7','150.0000',2,0,0,0,'116.391037','39.906495',6,'2018-08-09 00:00:00','2023-06-08 10:28:37',0),(15,'12','星星充电','5','60.0000',1,0,0,0,'116.380800','39.907755',6,'2018-08-09 00:00:00','2023-06-08 10:28:37',0),(16,'13','星星充电','6','150.0000',2,0,0,0,'116.377819','39.908148',6,'2018-08-09 00:00:00','2023-06-08 10:28:37',0);

/*Table structure for table `charging_station` */

DROP TABLE IF EXISTS `charging_station`;

CREATE TABLE `charging_station` (
  `id` int(10) NOT NULL AUTO_INCREMENT COMMENT '主ID',
  `station_code` char(10) NOT NULL COMMENT '场站编码',
  `station_name` varchar(50) DEFAULT NULL COMMENT '场站名称',
  `device_number` int(10) DEFAULT NULL COMMENT '充电桩数',
  `ac_gun_number` int(5) DEFAULT NULL COMMENT '交流充电枪数',
  `dc_gun_number` int(5) DEFAULT NULL COMMENT '直流充电枪数',
  `ac_rate_power` int(5) DEFAULT NULL COMMENT '交流额定功率',
  `dc_rate_power` int(5) DEFAULT NULL COMMENT '直流额定功率',
  `province` varchar(8) DEFAULT NULL COMMENT '省份编码',
  `city` varchar(8) DEFAULT NULL COMMENT '城市编码',
  `address` varchar(50) DEFAULT NULL COMMENT '详细地址',
  `station_lng` decimal(12,6) DEFAULT NULL COMMENT '经度',
  `station_lat` decimal(12,6) DEFAULT NULL COMMENT '纬度',
  `device_power` int(10) DEFAULT NULL COMMENT '设备功率',
  `station_model` tinyint(1) DEFAULT NULL COMMENT '场站模式（1自营、2联营、3专用）',
  `station_status` tinyint(1) DEFAULT NULL COMMENT '场站状态',
  `station_type` tinyint(1) DEFAULT NULL COMMENT '场站类型（公共、个人、专用、其它）',
  `update_time` timestamp NULL DEFAULT CURRENT_TIMESTAMP COMMENT '更新时间',
  `create_time` timestamp NULL DEFAULT CURRENT_TIMESTAMP COMMENT '创建时间',
  `operator_id` int(10) DEFAULT NULL COMMENT '运营商ID',
  `park_fee` decimal(10,0) DEFAULT NULL COMMENT '停车费',
  `deleted` tinyint(4) DEFAULT '0' COMMENT '是否删除',
  PRIMARY KEY (`id`)
) ENGINE=InnoDB AUTO_INCREMENT=8 DEFAULT CHARSET=utf8mb4 CHECKSUM=1 DELAY_KEY_WRITE=1 ROW_FORMAT=DYNAMIC;

/*Data for the table `charging_station` */

insert  into `charging_station`(`id`,`station_code`,`station_name`,`device_number`,`ac_gun_number`,`dc_gun_number`,`ac_rate_power`,`dc_rate_power`,`province`,`city`,`address`,`station_lng`,`station_lat`,`device_power`,`station_model`,`station_status`,`station_type`,`update_time`,`create_time`,`operator_id`,`park_fee`,`deleted`) values (1,'001','方恒时尚中心充电站',2,2,2,70,60,'01010000','01010000','北京市海淀区北三环西辅路方恒时尚中心方恒','116.342130','39.968092',150,3,0,1,'2018-08-09 00:00:00','2018-08-09 00:00:00',1,'3',0),(2,'002','双安商场充电站',1,1,1,70,60,'01010000','01010000','北京市海淀区北三环西路辅路双安商场','116.325106','39.966458',150,1,0,1,'2018-08-09 00:00:00','2018-08-09 00:00:00',1,'3',0),(3,'003','北京国际会议中心站',2,2,2,70,60,'01010000','01010000','北京市朝阳区北辰东路北京国际会议中心','116.401502','39.988949',150,1,0,1,'2018-08-09 00:00:00','2018-08-09 00:00:00',2,'2',0),(4,'004','枫蓝国际充电站',2,2,2,70,60,'01010000','01010000','北京市海淀区西直门北大街枫蓝国际购物中心','116.355631','39.953957',150,2,0,1,'2018-08-09 00:00:00','2018-08-09 00:00:00',2,'2',0),(5,'005','国家大剧院站',2,2,2,70,60,'01010000','01010000','北京市西城区石碑胡同4号国家大剧院','116.388379','39.906445',150,2,0,1,'2022-01-06 00:00:00','2022-01-06 00:00:00',1,'3',0),(6,'006','中共中央宣传部',2,2,2,70,60,'01010000','01010000','北京市西城区西长安街7号','116.380812','39.907765',150,2,0,1,'2022-01-06 00:00:00','2022-01-06 00:00:00',1,'3',0);

/*Table structure for table `charging_user_info` */

DROP TABLE IF EXISTS `charging_user_info`;

CREATE TABLE `charging_user_info` (
  `id` int(10) NOT NULL AUTO_INCREMENT COMMENT '编号',
  `wx_open_id` varchar(255) DEFAULT ' ' COMMENT '微信openId',
  `nick_name` varchar(255) DEFAULT NULL COMMENT '呢称',
  `balance` decimal(9,2) DEFAULT '0.00' COMMENT '余额',
  `username` varchar(128) DEFAULT ' ' COMMENT '用户姓名',
  `gender` enum('男','女') DEFAULT '男' COMMENT '性别',
  `age` int(2) DEFAULT '0' COMMENT '年龄',
  `occupation` varchar(10) DEFAULT ' ' COMMENT '职业',
  `password` varchar(50) DEFAULT ' ' COMMENT '登录密码',
  `phone` varchar(11) DEFAULT ' ' COMMENT '手机号',
  `create_time` timestamp NULL DEFAULT CURRENT_TIMESTAMP COMMENT '创建时间',
  `update_time` timestamp NULL DEFAULT CURRENT_TIMESTAMP COMMENT '更新时间',
  `deleted` tinyint(4) DEFAULT '0' COMMENT '是否删除',
  PRIMARY KEY (`id`)
) ENGINE=InnoDB AUTO_INCREMENT=24 DEFAULT CHARSET=utf8mb4;

/*Data for the table `charging_user_info` */

/*Table structure for table `charging_user_vehicle_bind` */

DROP TABLE IF EXISTS `charging_user_vehicle_bind`;

CREATE TABLE `charging_user_vehicle_bind` (
  `id` int(11) NOT NULL AUTO_INCREMENT COMMENT '编号',
  `user_id` int(11) DEFAULT NULL COMMENT '用户编号',
  `vehicle_id` int(11) DEFAULT NULL COMMENT '车辆编号',
  `state` tinyint(4) DEFAULT '0' COMMENT '状态(1:绑定  0:解绑)',
  `create_time` timestamp NOT NULL DEFAULT CURRENT_TIMESTAMP COMMENT '创建时间',
  `unbind_time` timestamp NOT NULL DEFAULT CURRENT_TIMESTAMP COMMENT '解绑时间',
  `deleted` tinyint(4) DEFAULT '0' COMMENT '是否删除',
  UNIQUE KEY `id` (`id`)
) ENGINE=InnoDB AUTO_INCREMENT=12 DEFAULT CHARSET=utf8mb4;

/*Data for the table `charging_user_vehicle_bind` */

insert  into `charging_user_vehicle_bind`(`id`,`user_id`,`vehicle_id`,`state`,`create_time`,`unbind_time`,`deleted`) values (8,17,9,0,'2023-09-05 14:55:24','2023-09-05 14:55:24',0),(9,17,10,1,'2023-09-05 14:59:30','2023-09-05 14:59:30',0),(10,18,11,0,'2023-09-05 17:12:43','2023-09-05 17:12:43',0),(11,19,12,1,'2023-09-05 17:13:38','2023-09-05 17:13:38',0);

/*Table structure for table `charging_vehicle` */

DROP TABLE IF EXISTS `charging_vehicle`;

CREATE TABLE `charging_vehicle` (
  `id` int(11) NOT NULL AUTO_INCREMENT COMMENT '编号',
  `brand` varchar(64) DEFAULT NULL COMMENT '车辆品牌',
  `license` varchar(64) DEFAULT NULL COMMENT '车辆牌照',
  `model` varchar(64) DEFAULT NULL COMMENT '车辆类型',
  `vin` varchar(64) DEFAULT NULL COMMENT '车架号',
  `create_time` timestamp NULL DEFAULT CURRENT_TIMESTAMP COMMENT '创建时间',
  `update_time` timestamp NULL DEFAULT CURRENT_TIMESTAMP COMMENT '更新时间',
  `deleted` tinyint(4) DEFAULT '0' COMMENT '是否删除',
  PRIMARY KEY (`id`)
) ENGINE=InnoDB AUTO_INCREMENT=13 DEFAULT CHARSET=utf8mb4;

/*Data for the table `charging_vehicle` */

insert  into `charging_vehicle`(`id`,`brand`,`license`,`model`,`vin`,`create_time`,`update_time`,`deleted`) values (9,'宝马','京A66888','x8','67876333','2023-09-05 14:55:24','2023-09-05 14:55:24',0),(10,'宝马','京A99999','x8','6688888','2023-09-05 14:59:30','2023-09-05 14:59:30',0),(11,'宝马','京A00001','x8','555999','2023-09-05 17:12:43','2023-09-05 17:12:43',0),(12,'11','京C11111','11','11','2023-09-05 17:13:38','2023-09-05 17:13:38',0);

/*Table structure for table `gen_table` */

DROP TABLE IF EXISTS `gen_table`;

CREATE TABLE `gen_table` (
  `table_id` bigint(20) NOT NULL AUTO_INCREMENT COMMENT '编号',
  `table_name` varchar(200) DEFAULT '' COMMENT '表名称',
  `table_comment` varchar(500) DEFAULT '' COMMENT '表描述',
  `sub_table_name` varchar(64) DEFAULT NULL COMMENT '关联子表的表名',
  `sub_table_fk_name` varchar(64) DEFAULT NULL COMMENT '子表关联的外键名',
  `class_name` varchar(100) DEFAULT '' COMMENT '实体类名称',
  `tpl_category` varchar(200) DEFAULT 'crud' COMMENT '使用的模板（crud单表操作 tree树表操作）',
  `package_name` varchar(100) DEFAULT NULL COMMENT '生成包路径',
  `module_name` varchar(30) DEFAULT NULL COMMENT '生成模块名',
  `business_name` varchar(30) DEFAULT NULL COMMENT '生成业务名',
  `function_name` varchar(50) DEFAULT NULL COMMENT '生成功能名',
  `function_author` varchar(50) DEFAULT NULL COMMENT '生成功能作者',
  `gen_type` char(1) DEFAULT '0' COMMENT '生成代码方式（0zip压缩包 1自定义路径）',
  `gen_path` varchar(200) DEFAULT '/' COMMENT '生成路径（不填默认项目路径）',
  `options` varchar(1000) DEFAULT NULL COMMENT '其它生成选项',
  `create_by` varchar(64) DEFAULT '' COMMENT '创建者',
  `create_time` datetime DEFAULT NULL COMMENT '创建时间',
  `update_by` varchar(64) DEFAULT '' COMMENT '更新者',
  `update_time` datetime DEFAULT NULL COMMENT '更新时间',
  `remark` varchar(500) DEFAULT NULL COMMENT '备注',
  PRIMARY KEY (`table_id`)
) ENGINE=InnoDB AUTO_INCREMENT=17 DEFAULT CHARSET=utf8mb4 COMMENT='代码生成业务表';

/*Data for the table `gen_table` */

insert  into `gen_table`(`table_id`,`table_name`,`table_comment`,`sub_table_name`,`sub_table_fk_name`,`class_name`,`tpl_category`,`package_name`,`module_name`,`business_name`,`function_name`,`function_author`,`gen_type`,`gen_path`,`options`,`create_by`,`create_time`,`update_by`,`update_time`,`remark`) values (1,'charging_admin','管理员',NULL,NULL,'ChargingAdmin','crud','com.ruoyi.charging','charge','admin',' 管理员','tedu','0','/','{\"parentMenuId\":\"2000\"}','admin','2023-06-15 10:32:51','','2023-09-06 17:08:06',NULL),(2,'charging_bill_fail','失败订单',NULL,NULL,'ChargingBillFail','crud','com.ruoyi.charging','charge','fail','失败订单','tedu','0','/','{\"parentMenuId\":\"2000\"}','admin','2023-06-15 10:32:52','','2023-09-06 17:08:19',NULL),(6,'charging_gun_info','充电枪',NULL,NULL,'ChargingGunInfo','crud','com.ruoyi.charging','charge','info','充电枪','tedu','0','/','{\"parentMenuId\":\"2000\"}','admin','2023-06-15 10:32:52','','2023-09-06 17:08:55',NULL),(7,'charging_operator_info','运营商',NULL,NULL,'ChargingOperatorInfo','crud','com.ruoyi.charging','charge','operatorInfo','运营商','tedu','0','/','{\"parentMenuId\":\"2000\"}','admin','2023-06-15 10:32:52','','2023-09-06 17:09:11',NULL),(8,'charging_pile_info','充电桩',NULL,NULL,'ChargingPileInfo','crud','com.ruoyi.charging','charge','pileInfo','充电桩','tedu','0','/','{\"parentMenuId\":\"2000\"}','admin','2023-06-15 10:32:52','','2023-09-06 17:09:27',NULL),(9,'charging_station','充电场站',NULL,NULL,'ChargingStation','crud','com.ruoyi.charging','charge','station','充电站','tedu','0','/','{\"parentMenuId\":\"2000\"}','admin','2023-06-15 10:32:52','','2023-09-13 17:04:38',NULL),(10,'charging_user_info','用户',NULL,NULL,'ChargingUserInfo','crud','com.ruoyi.charging','charge','userInfo','用户','tedu','0','/','{\"parentMenuId\":\"2000\"}','admin','2023-06-15 10:32:52','','2023-09-06 17:09:48',NULL),(11,'charging_user_vehicle_bind','车辆绑定',NULL,NULL,'ChargingUserVehicleBind','crud','com.ruoyi.charging','charge','bind','车辆绑定','ruoyi','0','/','{\"parentMenuId\":\"2000\"}','admin','2023-06-15 10:32:52','','2023-09-06 17:09:57',NULL),(12,'charging_vehicle','车辆',NULL,NULL,'ChargingVehicle','crud','com.ruoyi.charging','charge','vehicle','车辆','ruoyi','0','/','{\"parentMenuId\":\"2000\"}','admin','2023-06-15 10:32:52','','2023-09-06 17:10:11',NULL),(13,'charging_bill_exception','订单异常表',NULL,NULL,'ChargingBillException','crud','com.ruoyi.charging','charge','exception','订单异常','ruoyi','0','/','{\"parentMenuId\":\"2000\"}','admin','2023-09-06 16:35:44','','2023-09-06 17:10:22',NULL),(14,'charging_cost_rule','计费规则',NULL,NULL,'ChargingCostRule','crud','com.ruoyi.charging','charge','rule','计费规则','ruoyi','0','/','{\"parentMenuId\":\"2000\"}','admin','2023-09-06 16:37:29','','2023-09-06 17:10:33',NULL),(15,'charging_bill_succes','成功订单',NULL,NULL,'ChargingBillSucces','crud','com.ruoyi.charging','charge','succes','成功订单','ruoyi','0','/','{\"parentMenuId\":2000}','admin','2023-09-06 17:19:17','','2023-09-06 17:20:26',NULL),(16,'charging_bill_progress','充电进度表',NULL,NULL,'ChargingBillProgress','crud','com.ruoyi.charging','charge','progress','充电进度','ruoyi','0','/','{\"parentMenuId\":2000}','admin','2023-09-06 17:23:06','','2023-09-06 17:24:01',NULL);

/*Table structure for table `gen_table_column` */

DROP TABLE IF EXISTS `gen_table_column`;

CREATE TABLE `gen_table_column` (
  `column_id` bigint(20) NOT NULL AUTO_INCREMENT COMMENT '编号',
  `table_id` varchar(64) DEFAULT NULL COMMENT '归属表编号',
  `column_name` varchar(200) DEFAULT NULL COMMENT '列名称',
  `column_comment` varchar(500) DEFAULT NULL COMMENT '列描述',
  `column_type` varchar(100) DEFAULT NULL COMMENT '列类型',
  `java_type` varchar(500) DEFAULT NULL COMMENT 'JAVA类型',
  `java_field` varchar(200) DEFAULT NULL COMMENT 'JAVA字段名',
  `is_pk` char(1) DEFAULT NULL COMMENT '是否主键（1是）',
  `is_increment` char(1) DEFAULT NULL COMMENT '是否自增（1是）',
  `is_required` char(1) DEFAULT NULL COMMENT '是否必填（1是）',
  `is_insert` char(1) DEFAULT NULL COMMENT '是否为插入字段（1是）',
  `is_edit` char(1) DEFAULT NULL COMMENT '是否编辑字段（1是）',
  `is_list` char(1) DEFAULT NULL COMMENT '是否列表字段（1是）',
  `is_query` char(1) DEFAULT NULL COMMENT '是否查询字段（1是）',
  `query_type` varchar(200) DEFAULT 'EQ' COMMENT '查询方式（等于、不等于、大于、小于、范围）',
  `html_type` varchar(200) DEFAULT NULL COMMENT '显示类型（文本框、文本域、下拉框、复选框、单选框、日期控件）',
  `dict_type` varchar(200) DEFAULT '' COMMENT '字典类型',
  `sort` int(11) DEFAULT NULL COMMENT '排序',
  `create_by` varchar(64) DEFAULT '' COMMENT '创建者',
  `create_time` datetime DEFAULT NULL COMMENT '创建时间',
  `update_by` varchar(64) DEFAULT '' COMMENT '更新者',
  `update_time` datetime DEFAULT NULL COMMENT '更新时间',
  PRIMARY KEY (`column_id`)
) ENGINE=InnoDB AUTO_INCREMENT=187 DEFAULT CHARSET=utf8mb4 COMMENT='代码生成业务表字段';

/*Data for the table `gen_table_column` */

insert  into `gen_table_column`(`column_id`,`table_id`,`column_name`,`column_comment`,`column_type`,`java_type`,`java_field`,`is_pk`,`is_increment`,`is_required`,`is_insert`,`is_edit`,`is_list`,`is_query`,`query_type`,`html_type`,`dict_type`,`sort`,`create_by`,`create_time`,`update_by`,`update_time`) values (1,'1','id','编号','int(11)','Long','id','1','1',NULL,'1',NULL,NULL,NULL,'EQ','input','',1,'admin','2023-06-15 10:32:51','','2023-09-06 17:24:22'),(2,'1','adminname','管理员名称','varchar(50)','String','adminname','0','0',NULL,'1','1','1','1','LIKE','input','',2,'admin','2023-06-15 10:32:51','','2023-09-06 17:24:22'),(3,'1','password','管理员密码','varchar(50)','String','password','0','0',NULL,'1','1','1','1','EQ','input','',3,'admin','2023-06-15 10:32:51','','2023-09-06 17:24:22'),(4,'1','create_time','创建时间','timestamp','Date','createTime','0','0',NULL,'1',NULL,NULL,NULL,'EQ','datetime','',4,'admin','2023-06-15 10:32:51','','2023-09-06 17:24:22'),(5,'1','update_time','更新时间','datetime','Date','updateTime','0','0',NULL,'1','1',NULL,NULL,'EQ','datetime','',5,'admin','2023-06-15 10:32:52','','2023-09-06 17:24:22'),(6,'1','deleted','是否删除','tinyint(1)','Integer','deleted','0','0',NULL,'1','1','1','1','EQ','input','',6,'admin','2023-06-15 10:32:52','','2023-09-06 17:24:22'),(7,'2','id','编号','int(10)','Integer','id','1','1',NULL,'1',NULL,NULL,NULL,'EQ','input','',1,'admin','2023-06-15 10:32:52','','2023-09-22 11:16:20'),(9,'2','user_id','用户ID','int(10)','Integer','userId','0','0',NULL,'1','1','1','1','EQ','input','',3,'admin','2023-06-15 10:32:52','','2023-09-22 11:16:20'),(10,'2','operator_id','运营商ID','int(10)','Integer','operatorId','0','0',NULL,'1','1','1','1','EQ','input','',4,'admin','2023-06-15 10:32:52','','2023-09-22 11:16:20'),(11,'2','station_id','场站ID','int(10)','Integer','stationId','0','0',NULL,'1','1','1','1','EQ','input','',5,'admin','2023-06-15 10:32:52','','2023-09-22 11:16:20'),(13,'2','create_time','创建时间','timestamp','Date','createTime','0','0',NULL,'1',NULL,NULL,NULL,'EQ','datetime','',9,'admin','2023-06-15 10:32:52','','2023-09-22 11:16:20'),(14,'2','update_time','更新时间','timestamp','Date','updateTime','0','0',NULL,'1','1',NULL,NULL,'EQ','datetime','',10,'admin','2023-06-15 10:32:52','','2023-09-22 11:16:20'),(15,'2','deleted','是否删除','tinyint(4)','Integer','deleted','0','0',NULL,'1','1','1','1','EQ','input','',11,'admin','2023-06-15 10:32:52','','2023-09-22 11:16:20'),(48,'6','id','编号','int(11)','Long','id','1','1',NULL,'1',NULL,NULL,NULL,'EQ','input','',1,'admin','2023-06-15 10:32:52','','2023-09-06 17:24:32'),(49,'6','gun_number','枪编号','char(1)','String','gunNumber','0','0','1','1','1','1','1','EQ','input','',2,'admin','2023-06-15 10:32:52','','2023-09-06 17:24:32'),(50,'6','gun_name','枪名称','varchar(10)','String','gunName','0','0',NULL,'1','1','1','1','LIKE','input','',3,'admin','2023-06-15 10:32:52','','2023-09-06 17:24:32'),(51,'6','power','额定功率 KW','decimal(9,4)','BigDecimal','power','0','0',NULL,'1','1','1','1','EQ','input','',4,'admin','2023-06-15 10:32:52','','2023-09-06 17:24:32'),(52,'6','electricity','额定电流 A','decimal(9,4)','BigDecimal','electricity','0','0',NULL,'1','1','1','1','EQ','input','',5,'admin','2023-06-15 10:32:52','','2023-09-06 17:24:32'),(53,'6','voltage_upper_limits','电压上限 V','decimal(9,4)','BigDecimal','voltageUpperLimits','0','0',NULL,'1','1','1','1','EQ','input','',6,'admin','2023-06-15 10:32:52','','2023-09-06 17:24:32'),(54,'6','voltage_lower_limits','电压下限 V','decimal(9,4)','BigDecimal','voltageLowerLimits','0','0',NULL,'1','1','1','1','EQ','input','',7,'admin','2023-06-15 10:32:52','','2023-09-06 17:24:32'),(55,'6','gun_type','枪类型','tinyint(1)','Integer','gunType','0','0',NULL,'1','1','1','1','EQ','select','',8,'admin','2023-06-15 10:32:52','','2023-09-06 17:24:32'),(56,'6','pile_id','充电桩ID','tinyint(1)','Integer','pileId','0','0',NULL,'1','1','1','1','EQ','input','',9,'admin','2023-06-15 10:32:52','','2023-09-06 17:24:32'),(57,'6','gun_status','枪状态(1空闲 2使用中 3故障 4离线)','tinyint(1)','Integer','gunStatus','0','0',NULL,'1','1','1','1','EQ','radio','',10,'admin','2023-06-15 10:32:52','','2023-09-06 17:24:32'),(58,'6','create_time','创建时间','timestamp','Date','createTime','0','0',NULL,'1',NULL,NULL,NULL,'EQ','datetime','',11,'admin','2023-06-15 10:32:52','','2023-09-06 17:24:32'),(59,'6','update_time','更新时间','timestamp','Date','updateTime','0','0',NULL,'1','1',NULL,NULL,'EQ','datetime','',12,'admin','2023-06-15 10:32:52','','2023-09-06 17:24:32'),(60,'6','deleted','是否删除','tinyint(4)','Integer','deleted','0','0',NULL,'1','1','1','1','EQ','input','',13,'admin','2023-06-15 10:32:52','','2023-09-06 17:24:32'),(61,'7','id','编号','int(10)','Integer','id','1','1',NULL,'1',NULL,NULL,NULL,'EQ','input','',1,'admin','2023-06-15 10:32:52','','2023-09-06 17:24:38'),(62,'7','operator_number','运营商编号','varchar(10)','String','operatorNumber','0','0','1','1','1','1','1','EQ','input','',2,'admin','2023-06-15 10:32:52','','2023-09-06 17:24:38'),(63,'7','operator_name','运营商名称','varchar(50)','String','operatorName','0','0',NULL,'1','1','1','1','LIKE','input','',3,'admin','2023-06-15 10:32:52','','2023-09-06 17:24:38'),(64,'7','business','经营业务','varchar(50)','String','business','0','0',NULL,'1','1','1','1','EQ','input','',4,'admin','2023-06-15 10:32:52','','2023-09-06 17:24:38'),(65,'7','phone','联系方式','varchar(11)','String','phone','0','0',NULL,'1','1','1','1','EQ','input','',5,'admin','2023-06-15 10:32:52','','2023-09-06 17:24:38'),(66,'7','address','地址','varchar(50)','String','address','0','0',NULL,'1','1','1','1','EQ','input','',6,'admin','2023-06-15 10:32:52','','2023-09-06 17:24:38'),(70,'7','create_time','创建时间','timestamp','Date','createTime','0','0',NULL,'1',NULL,NULL,NULL,'EQ','datetime','',7,'admin','2023-06-15 10:32:52','','2023-09-06 17:24:38'),(71,'7','update_time','更新时间','timestamp','Date','updateTime','0','0',NULL,'1','1',NULL,NULL,'EQ','datetime','',8,'admin','2023-06-15 10:32:52','','2023-09-06 17:24:38'),(72,'7','deleted','是否删除','tinyint(4)','Integer','deleted','0','0',NULL,'1','1','1','1','EQ','input','',9,'admin','2023-06-15 10:32:52','','2023-09-06 17:24:38'),(73,'8','id','编号','int(10)','Integer','id','1','1',NULL,'1',NULL,NULL,NULL,'EQ','input','',1,'admin','2023-06-15 10:32:52','','2023-09-06 17:24:45'),(74,'8','pile_number','桩编号','char(10)','String','pileNumber','0','0','1','1','1','1','1','EQ','input','',2,'admin','2023-06-15 10:32:52','','2023-09-06 17:24:45'),(75,'8','pile_name','桩名称','varchar(10)','String','pileName','0','0',NULL,'1','1','1','1','LIKE','input','',3,'admin','2023-06-15 10:32:52','','2023-09-06 17:24:45'),(76,'8','gun_infos','枪编号[]','varchar(10)','String','gunInfos','0','0',NULL,'1','1','1','1','EQ','input','',4,'admin','2023-06-15 10:32:52','','2023-09-06 17:24:45'),(77,'8','power','额定总功率','decimal(9,4)','BigDecimal','power','0','0',NULL,'1','1','1','1','EQ','input','',5,'admin','2023-06-15 10:32:52','','2023-09-06 17:24:45'),(78,'8','pile_type','设备类型(直/交流、交直一体、其它)','tinyint(1)','Integer','pileType','0','0',NULL,'1','1','1','1','EQ','select','',6,'admin','2023-06-15 10:32:52','','2023-09-06 17:24:45'),(79,'8','pile_model','设备型号','tinyint(1)','Integer','pileModel','0','0',NULL,'1','1','1','1','EQ','input','',7,'admin','2023-06-15 10:32:52','','2023-09-06 17:24:45'),(80,'8','protocol','协议','tinyint(1)','Integer','protocol','0','0',NULL,'1','1','1','1','EQ','input','',8,'admin','2023-06-15 10:32:52','','2023-09-06 17:24:45'),(81,'8','network','网络','tinyint(1)','Integer','network','0','0',NULL,'1','1','1','1','EQ','input','',9,'admin','2023-06-15 10:32:52','','2023-09-06 17:24:45'),(82,'8','pile_lng','经度','decimal(12,6)','BigDecimal','pileLng','0','0',NULL,'1','1','1','1','EQ','input','',10,'admin','2023-06-15 10:32:52','','2023-09-06 17:24:45'),(83,'8','pile_lat','纬度','decimal(12,6)','BigDecimal','pileLat','0','0',NULL,'1','1','1','1','EQ','input','',11,'admin','2023-06-15 10:32:52','','2023-09-06 17:24:45'),(84,'8','station_id','场站ID','int(10)','Integer','stationId','0','0',NULL,'1','1','1','1','EQ','input','',12,'admin','2023-06-15 10:32:52','','2023-09-06 17:24:45'),(85,'8','create_time','创建时间','timestamp','Date','createTime','0','0',NULL,'1',NULL,NULL,NULL,'EQ','datetime','',13,'admin','2023-06-15 10:32:52','','2023-09-06 17:24:45'),(86,'8','update_time','更新时间','timestamp','Date','updateTime','0','0',NULL,'1','1',NULL,NULL,'EQ','datetime','',14,'admin','2023-06-15 10:32:52','','2023-09-06 17:24:45'),(87,'8','deleted','是否删除','tinyint(4)','Integer','deleted','0','0',NULL,'1','1','1','1','EQ','input','',15,'admin','2023-06-15 10:32:52','','2023-09-06 17:24:45'),(88,'9','id','主ID','int(10)','Integer','id','1','1',NULL,'1',NULL,NULL,NULL,'EQ','input','',1,'admin','2023-06-15 10:32:52','','2023-09-13 17:05:02'),(89,'9','station_code','场站编码','char(10)','String','stationCode','0','0','1','1','1','1','1','EQ','input','',2,'admin','2023-06-15 10:32:52','','2023-09-13 17:05:02'),(90,'9','station_name','场站名称','varchar(50)','String','stationName','0','0',NULL,'1','1','1','1','LIKE','input','',3,'admin','2023-06-15 10:32:52','','2023-09-13 17:05:02'),(91,'9','device_number','充电桩数','int(10)','Integer','deviceNumber','0','0',NULL,'1','1','1','1','EQ','input','',4,'admin','2023-06-15 10:32:52','','2023-09-13 17:05:02'),(92,'9','ac_gun_number','交流充电枪数','int(5)','Integer','acGunNumber','0','0',NULL,'1','1','1','1','EQ','input','',5,'admin','2023-06-15 10:32:52','','2023-09-13 17:05:02'),(93,'9','dc_gun_number','直流充电枪数','int(5)','Integer','dcGunNumber','0','0',NULL,'1','1','1','1','EQ','input','',6,'admin','2023-06-15 10:32:52','','2023-09-13 17:05:02'),(94,'9','ac_rate_power','交流额定功率','int(5)','Integer','acRatePower','0','0',NULL,'1','1','1','1','EQ','input','',7,'admin','2023-06-15 10:32:52','','2023-09-13 17:05:02'),(95,'9','dc_rate_power','直流额定功率','int(5)','Integer','dcRatePower','0','0',NULL,'1','1','1','1','EQ','input','',8,'admin','2023-06-15 10:32:52','','2023-09-13 17:05:02'),(96,'9','province','省份编码','varchar(8)','String','province','0','0',NULL,'1','1','1','1','EQ','input','',9,'admin','2023-06-15 10:32:52','','2023-09-13 17:05:02'),(97,'9','city','城市编码','varchar(8)','String','city','0','0',NULL,'1','1','1','1','EQ','input','',10,'admin','2023-06-15 10:32:52','','2023-09-13 17:05:02'),(98,'9','address','详细地址','varchar(50)','String','address','0','0',NULL,'1','1','1','1','EQ','input','',11,'admin','2023-06-15 10:32:52','','2023-09-13 17:05:03'),(99,'9','station_lng','经度','decimal(12,6)','BigDecimal','stationLng','0','0',NULL,'1','1','1','1','EQ','input','',12,'admin','2023-06-15 10:32:52','','2023-09-13 17:05:03'),(100,'9','station_lat','纬度','decimal(12,6)','BigDecimal','stationLat','0','0',NULL,'1','1','1','1','EQ','input','',13,'admin','2023-06-15 10:32:52','','2023-09-13 17:05:03'),(101,'9','device_power','设备功率','int(10)','Integer','devicePower','0','0',NULL,'1','1','1','1','EQ','input','',14,'admin','2023-06-15 10:32:52','','2023-09-13 17:05:03'),(102,'9','station_model','场站模式（1自营、2联营、3专用）','tinyint(1)','Integer','stationModel','0','0',NULL,'1','1','1','1','EQ','input','',15,'admin','2023-06-15 10:32:52','','2023-09-13 17:05:03'),(103,'9','station_status','场站状态','tinyint(1)','Integer','stationStatus','0','0',NULL,'1','1','1','1','EQ','radio','',16,'admin','2023-06-15 10:32:52','','2023-09-13 17:05:03'),(104,'9','station_type','场站类型（公共、个人、专用、其它）','tinyint(1)','Integer','stationType','0','0',NULL,'1','1','1','1','EQ','select','',17,'admin','2023-06-15 10:32:52','','2023-09-13 17:05:03'),(105,'9','update_time','更新时间','timestamp','Date','updateTime','0','0',NULL,'1','1',NULL,NULL,'EQ','datetime','',18,'admin','2023-06-15 10:32:52','','2023-09-13 17:05:03'),(106,'9','create_time','创建时间','timestamp','Date','createTime','0','0',NULL,'1',NULL,NULL,NULL,'EQ','datetime','',19,'admin','2023-06-15 10:32:52','','2023-09-13 17:05:03'),(107,'9','operator_id','运营商ID','int(10)','Integer','operatorId','0','0',NULL,'1','1','1','1','EQ','input','',20,'admin','2023-06-15 10:32:52','','2023-09-13 17:05:03'),(108,'9','park_fee','停车费','decimal(10,0)','Long','parkFee','0','0',NULL,'1','1','1','1','EQ','input','',21,'admin','2023-06-15 10:32:52','','2023-09-13 17:05:03'),(109,'9','deleted','是否删除','tinyint(4)','Integer','deleted','0','0',NULL,'1','1','1','1','EQ','input','',22,'admin','2023-06-15 10:32:52','','2023-09-13 17:05:03'),(110,'10','id','编号','int(10)','Integer','id','1','1',NULL,'1',NULL,NULL,NULL,'EQ','input','',1,'admin','2023-06-15 10:32:52','','2023-09-06 17:24:59'),(111,'10','balance','余额','decimal(9,2)','BigDecimal','balance','0','0',NULL,'1','1','1','1','EQ','input','',4,'admin','2023-06-15 10:32:52','','2023-09-06 17:24:59'),(112,'10','username','用户姓名','varchar(50)','String','username','0','0',NULL,'1','1','1','1','LIKE','input','',5,'admin','2023-06-15 10:32:52','','2023-09-06 17:24:59'),(113,'10','gender','性别','enum(\'男\',\'女\')','String','gender','0','0',NULL,'1','1','1','1','EQ',NULL,'',6,'admin','2023-06-15 10:32:52','','2023-09-06 17:24:59'),(114,'10','age','年龄','int(2)','Integer','age','0','0',NULL,'1','1','1','1','EQ','input','',7,'admin','2023-06-15 10:32:52','','2023-09-06 17:24:59'),(115,'10','occupation','职业','varchar(10)','String','occupation','0','0',NULL,'1','1','1','1','EQ','input','',8,'admin','2023-06-15 10:32:52','','2023-09-06 17:24:59'),(116,'10','password','登录密码','varchar(50)','String','password','0','0',NULL,'1','1','1','1','EQ','input','',9,'admin','2023-06-15 10:32:52','','2023-09-06 17:24:59'),(117,'10','phone','手机号','varchar(11)','String','phone','0','0',NULL,'1','1','1','1','EQ','input','',10,'admin','2023-06-15 10:32:52','','2023-09-06 17:24:59'),(118,'10','create_time','创建时间','timestamp','Date','createTime','0','0',NULL,'1',NULL,NULL,NULL,'EQ','datetime','',11,'admin','2023-06-15 10:32:52','','2023-09-06 17:24:59'),(119,'10','update_time','更新时间','timestamp','Date','updateTime','0','0',NULL,'1','1',NULL,NULL,'EQ','datetime','',12,'admin','2023-06-15 10:32:52','','2023-09-06 17:24:59'),(120,'10','deleted','是否删除','tinyint(4)','Integer','deleted','0','0',NULL,'1','1','1','1','EQ','input','',13,'admin','2023-06-15 10:32:52','','2023-09-06 17:24:59'),(121,'11','id','编号','int(11)','Long','id','1','1',NULL,'1',NULL,NULL,NULL,'EQ','input','',1,'admin','2023-06-15 10:32:52','','2023-09-06 17:25:04'),(122,'11','user_id','用户编号','int(11)','Long','userId','0','0',NULL,'1','1','1','1','EQ','input','',2,'admin','2023-06-15 10:32:52','','2023-09-06 17:25:04'),(123,'11','vehicle_id','车辆编号','int(11)','Long','vehicleId','0','0',NULL,'1','1','1','1','EQ','input','',3,'admin','2023-06-15 10:32:52','','2023-09-06 17:25:04'),(124,'11','create_time','创建时间','timestamp','Date','createTime','0','0','1','1',NULL,NULL,NULL,'EQ','datetime','',5,'admin','2023-06-15 10:32:52','','2023-09-06 17:25:04'),(125,'11','unbind_time','解绑时间','timestamp','Date','unbindTime','0','0','1','1','1','1','1','EQ','datetime','',6,'admin','2023-06-15 10:32:52','','2023-09-06 17:25:04'),(126,'11','deleted','是否删除','tinyint(4)','Integer','deleted','0','0',NULL,'1','1','1','1','EQ','input','',7,'admin','2023-06-15 10:32:52','','2023-09-06 17:25:04'),(127,'12','id','编号','int(11)','Long','id','1','1',NULL,'1',NULL,NULL,NULL,'EQ','input','',1,'admin','2023-06-15 10:32:52','','2023-09-06 17:25:08'),(128,'12','brand','车辆品牌','varchar(30)','String','brand','0','0',NULL,'1','1','1','1','EQ','input','',2,'admin','2023-06-15 10:32:52','','2023-09-06 17:25:08'),(129,'12','license','车辆牌照','varchar(50)','String','license','0','0',NULL,'1','1','1','1','EQ','input','',3,'admin','2023-06-15 10:32:52','','2023-09-06 17:25:08'),(130,'12','model','车辆类型','varchar(50)','String','model','0','0',NULL,'1','1','1','1','EQ','input','',4,'admin','2023-06-15 10:32:52','','2023-09-06 17:25:08'),(131,'12','vin','车架号','varchar(50)','String','vin','0','0',NULL,'1','1','1','1','EQ','input','',5,'admin','2023-06-15 10:32:52','','2023-09-06 17:25:08'),(133,'12','create_time','创建时间','timestamp','Date','createTime','0','0',NULL,'1',NULL,NULL,NULL,'EQ','datetime','',6,'admin','2023-06-15 10:32:52','','2023-09-06 17:25:08'),(134,'12','update_time','更新时间','timestamp','Date','updateTime','0','0',NULL,'1','1',NULL,NULL,'EQ','datetime','',7,'admin','2023-06-15 10:32:52','','2023-09-06 17:25:08'),(135,'12','deleted','是否删除','tinyint(4)','Integer','deleted','0','0',NULL,'1','1','1','1','EQ','input','',8,'admin','2023-06-15 10:32:52','','2023-09-06 17:25:08'),(136,'13','id','主键','int(11)','Long','id','1','1',NULL,'1',NULL,NULL,NULL,'EQ','input','',1,'admin','2023-09-06 16:35:44','','2023-09-06 17:25:12'),(137,'13','bill_id','订单编号','varchar(255)','String','billId','0','0',NULL,'1','1','1','1','EQ','input','',2,'admin','2023-09-06 16:35:44','','2023-09-06 17:25:12'),(138,'13','electricity','电源','decimal(10,0)','Long','electricity','0','0',NULL,'1','1','1','1','EQ','input','',3,'admin','2023-09-06 16:35:44','','2023-09-06 17:25:12'),(139,'13','voltage','电压','decimal(10,0)','Long','voltage','0','0',NULL,'1','1','1','1','EQ','input','',4,'admin','2023-09-06 16:35:44','','2023-09-06 17:25:12'),(140,'13','temperature','温度','float','Long','temperature','0','0',NULL,'1','1','1','1','EQ','input','',5,'admin','2023-09-06 16:35:44','','2023-09-06 17:25:12'),(141,'13','bill_starttime','订单开始时间','timestamp','Date','billStarttime','0','0','1','1','1','1','1','EQ','datetime','',6,'admin','2023-09-06 16:35:44','','2023-09-06 17:25:12'),(142,'13','create_time','记录创建时间','timestamp','Date','createTime','0','0','1','1',NULL,NULL,NULL,'EQ','datetime','',7,'admin','2023-09-06 16:35:44','','2023-09-06 17:25:12'),(143,'13','deleted','是否删除','tinyint(1)','Integer','deleted','0','0',NULL,'1','1','1','1','EQ','input','',8,'admin','2023-09-06 16:35:44','','2023-09-06 17:25:12'),(144,'14','id','编号','int(11)','Long','id','1','1',NULL,'1',NULL,NULL,NULL,'EQ','input','',1,'admin','2023-09-06 16:37:29','','2023-09-13 17:16:00'),(145,'14','station_id','充电站编号','int(11)','Long','stationId','0','0',NULL,'1','1','1','1','EQ','input','',2,'admin','2023-09-06 16:37:29','','2023-09-13 17:16:00'),(146,'14','name','计费名称','varchar(128)','String','name','0','0',NULL,'1','1','1','1','LIKE','input','',4,'admin','2023-09-06 16:37:29','','2023-09-13 17:16:00'),(147,'14','start_time','起始时间','int(11)','Long','startTime','0','0',NULL,'1','1','1','1','EQ','input','',5,'admin','2023-09-06 16:37:29','','2023-09-13 17:16:00'),(148,'14','end_time','结束时间','int(11)','Long','endTime','0','0',NULL,'1','1','1','1','EQ','input','',6,'admin','2023-09-06 16:37:29','','2023-09-13 17:16:00'),(149,'14','power_fee','电费','decimal(10,2)','BigDecimal','powerFee','0','0',NULL,'1','1','1','1','EQ','input','',7,'admin','2023-09-06 16:37:29','','2023-09-13 17:16:00'),(150,'14','service_fee','服务费','decimal(10,2)','BigDecimal','serviceFee','0','0',NULL,'1','1','1','1','EQ','input','',8,'admin','2023-09-06 16:37:29','','2023-09-13 17:16:00'),(151,'15','id','编号','int(10)','Integer','id','1','1',NULL,'1',NULL,NULL,NULL,'EQ','input','',1,'admin','2023-09-06 17:19:17','','2023-09-21 17:17:57'),(152,'15','bill_id','订单号','varchar(255)','String','billId','1','0',NULL,'1',NULL,NULL,NULL,'EQ','input','',2,'admin','2023-09-06 17:19:17','','2023-09-21 17:17:57'),(153,'15','charging_capacity','充电量（kwh）','int(3)','Integer','chargingCapacity','0','0',NULL,'1','1','1','1','EQ','input','',3,'admin','2023-09-06 17:19:17','','2023-09-21 17:17:57'),(154,'15','electric_money','电费','decimal(8,3)','BigDecimal','electricMoney','0','0',NULL,'1','1','1','1','EQ','input','',4,'admin','2023-09-06 17:19:17','','2023-09-21 17:17:57'),(155,'15','service_money','服务费','decimal(8,3)','BigDecimal','serviceMoney','0','0',NULL,'1','1','1','1','EQ','input','',5,'admin','2023-09-06 17:19:17','','2023-09-21 17:17:57'),(156,'15','charging_duration','充电时长','int(11)','Long','chargingDuration','0','0',NULL,'1','1','1','1','EQ','input','',6,'admin','2023-09-06 17:19:17','','2023-09-21 17:17:57'),(157,'15','user_id','用户ID','int(11)','Long','userId','0','0',NULL,'1','1','1','1','EQ','input','',7,'admin','2023-09-06 17:19:17','','2023-09-21 17:17:57'),(158,'15','operator_id','运营商ID','int(11)','Long','operatorId','0','0',NULL,'1','1','1','1','EQ','input','',8,'admin','2023-09-06 17:19:17','','2023-09-21 17:17:57'),(159,'15','station_id','场站ID','int(11)','Long','stationId','0','0',NULL,'1','1','1','1','EQ','input','',9,'admin','2023-09-06 17:19:17','','2023-09-21 17:17:57'),(160,'15','gun_id','设备ID','int(11)','Long','gunId','0','0',NULL,'1','1','1','1','EQ','input','',10,'admin','2023-09-06 17:19:17','','2023-09-21 17:17:57'),(161,'15','charging_start_time','充电开始时间','datetime','Date','chargingStartTime','0','0',NULL,'1','1','1','1','EQ','datetime','',12,'admin','2023-09-06 17:19:17','','2023-09-21 17:17:57'),(162,'15','charging_end_time','充电结束时间','datetime','Date','chargingEndTime','0','0',NULL,'1','1','1','1','EQ','datetime','',13,'admin','2023-09-06 17:19:17','','2023-09-21 17:17:57'),(163,'15','bill_status','订单状态(1充电中 2正常结束 3异常结束 4欠费)','tinyint(4)','Integer','billStatus','0','0',NULL,'1','1','1','1','EQ','radio','',14,'admin','2023-09-06 17:19:17','','2023-09-21 17:17:57'),(164,'15','pay_amount','支付金额','decimal(8,3)','BigDecimal','payAmount','0','0',NULL,'1','1','1','1','EQ','input','',15,'admin','2023-09-06 17:19:17','','2023-09-21 17:17:57'),(165,'15','pay_time','支付时间','datetime','Date','payTime','0','0',NULL,'1','1','1','1','EQ','datetime','',16,'admin','2023-09-06 17:19:17','','2023-09-21 17:17:57'),(166,'15','pay_channel','支付渠道','tinyint(4)','Integer','payChannel','0','0',NULL,'1','1','1','1','EQ','input','',17,'admin','2023-09-06 17:19:17','','2023-09-21 17:17:57'),(167,'15','create_time','订单创建时间','timestamp','Date','createTime','0','0',NULL,'1',NULL,NULL,NULL,'EQ','datetime','',18,'admin','2023-09-06 17:19:17','','2023-09-21 17:17:57'),(168,'15','update_time','更新时间','timestamp','Date','updateTime','0','0',NULL,'1','1',NULL,NULL,'EQ','datetime','',19,'admin','2023-09-06 17:19:17','','2023-09-21 17:17:57'),(169,'15','deleted','是否删除','tinyint(4)','Integer','deleted','0','0',NULL,'1','1','1','1','EQ','input','',20,'admin','2023-09-06 17:19:17','','2023-09-21 17:17:57'),(170,'2','bill_id','订单号','varchar(256)','String','billId','0','0','1','1','1','1','1','EQ','input','',2,'','2023-09-06 17:20:52','','2023-09-22 11:16:20'),(171,'2','gun_id','设备ID','int(10)','Integer','gunId','0','0',NULL,'1','1','1','1','EQ','input','',6,'','2023-09-06 17:20:52','','2023-09-22 11:16:20'),(172,'2','fail_desc','失败描述','varchar(256)','String','failDesc','0','0',NULL,'1','1','1','1','EQ','input','',8,'','2023-09-06 17:20:52','','2023-09-22 11:16:20'),(173,'16','id','编号','int(10)','Integer','id','1','1',NULL,'1',NULL,NULL,NULL,'EQ','input','',1,'admin','2023-09-06 17:23:06','','2023-09-06 17:25:25'),(174,'16','bill_id','订单号','varchar(255)','String','billId','1','0',NULL,'1',NULL,NULL,NULL,'EQ','input','',2,'admin','2023-09-06 17:23:06','','2023-09-06 17:25:25'),(175,'16','charging_capacity','充电量（kwh）','float','Long','chargingCapacity','0','0',NULL,'1','1','1','1','EQ','input','',3,'admin','2023-09-06 17:23:06','','2023-09-06 17:25:25'),(176,'16','battery_temperature','电池温度','float(9,4)','BigDecimal','batteryTemperature','0','0',NULL,'1','1','1','1','EQ','input','',4,'admin','2023-09-06 17:23:06','','2023-09-06 17:25:25'),(177,'16','create_time','创建时间','timestamp','Date','createTime','0','0',NULL,'1',NULL,NULL,NULL,'EQ','datetime','',5,'admin','2023-09-06 17:23:06','','2023-09-06 17:25:25'),(178,'16','total_capacity','总电量','float unsigned zerofill','String','totalCapacity','0','0',NULL,'1','1','1','1','EQ',NULL,'',6,'admin','2023-09-06 17:23:06','','2023-09-06 17:25:25'),(179,'16','update_time','更新时间','timestamp','Date','updateTime','0','0',NULL,'1','1',NULL,NULL,'EQ','datetime','',7,'admin','2023-09-06 17:23:06','','2023-09-06 17:25:25'),(180,'16','deleted','是否删除','tinyint(4)','Integer','deleted','0','0',NULL,'1','1','1','1','EQ','input','',8,'admin','2023-09-06 17:23:06','','2023-09-06 17:25:25'),(181,'10','wx_open_id','微信openId','varchar(255)','String','wxOpenId','0','0',NULL,'1','1','1','1','EQ','input','',2,'','2023-09-06 17:24:59','',NULL),(182,'10','nick_name','呢称','varchar(255)','String','nickName','0','0',NULL,'1','1','1','1','LIKE','input','',3,'','2023-09-06 17:24:59','',NULL),(183,'11','state','状态(1:绑定  0:解绑)','tinyint(4)','Integer','state','0','0',NULL,'1','1','1','1','EQ','input','',4,'','2023-09-06 17:25:04','',NULL),(184,'14','gun_type','设备类型','tinyint(4)','Integer','gunType','0','0',NULL,'1','1','1','1','EQ','select','',3,'','2023-09-13 17:16:00','',NULL),(185,'15','vehicle_id','车辆编号','int(11)','Long','vehicleId','0','0',NULL,'1','1','1','1','EQ','input','',11,'','2023-09-21 17:17:57','',NULL),(186,'2','vehicle_id','车辆编号','int(11)','Long','vehicleId','0','0',NULL,'1','1','1','1','EQ','input','',7,'','2023-09-22 11:16:20','',NULL);

/*Table structure for table `sys_config` */

DROP TABLE IF EXISTS `sys_config`;

CREATE TABLE `sys_config` (
  `config_id` int(5) NOT NULL AUTO_INCREMENT COMMENT '参数主键',
  `config_name` varchar(100) DEFAULT '' COMMENT '参数名称',
  `config_key` varchar(100) DEFAULT '' COMMENT '参数键名',
  `config_value` varchar(500) DEFAULT '' COMMENT '参数键值',
  `config_type` char(1) DEFAULT 'N' COMMENT '系统内置（Y是 N否）',
  `create_by` varchar(64) DEFAULT '' COMMENT '创建者',
  `create_time` datetime DEFAULT NULL COMMENT '创建时间',
  `update_by` varchar(64) DEFAULT '' COMMENT '更新者',
  `update_time` datetime DEFAULT NULL COMMENT '更新时间',
  `remark` varchar(500) DEFAULT NULL COMMENT '备注',
  PRIMARY KEY (`config_id`)
) ENGINE=InnoDB AUTO_INCREMENT=6 DEFAULT CHARSET=utf8mb4 COMMENT='参数配置表';

/*Data for the table `sys_config` */

insert  into `sys_config`(`config_id`,`config_name`,`config_key`,`config_value`,`config_type`,`create_by`,`create_time`,`update_by`,`update_time`,`remark`) values (1,'主框架页-默认皮肤样式名称','sys.index.skinName','skin-blue','Y','admin','2023-06-15 10:20:24','',NULL,'蓝色 skin-blue、绿色 skin-green、紫色 skin-purple、红色 skin-red、黄色 skin-yellow'),(2,'用户管理-账号初始密码','sys.user.initPassword','123456','Y','admin','2023-06-15 10:20:24','',NULL,'初始化密码 123456'),(3,'主框架页-侧边栏主题','sys.index.sideTheme','theme-dark','Y','admin','2023-06-15 10:20:24','',NULL,'深色主题theme-dark，浅色主题theme-light'),(4,'账号自助-验证码开关','sys.account.captchaEnabled','true','Y','admin','2023-06-15 10:20:24','',NULL,'是否开启验证码功能（true开启，false关闭）'),(5,'账号自助-是否开启用户注册功能','sys.account.registerUser','false','Y','admin','2023-06-15 10:20:24','',NULL,'是否开启注册用户功能（true开启，false关闭）');

/*Table structure for table `sys_dept` */

DROP TABLE IF EXISTS `sys_dept`;

CREATE TABLE `sys_dept` (
  `dept_id` bigint(20) NOT NULL AUTO_INCREMENT COMMENT '部门id',
  `parent_id` bigint(20) DEFAULT '0' COMMENT '父部门id',
  `ancestors` varchar(50) DEFAULT '' COMMENT '祖级列表',
  `dept_name` varchar(30) DEFAULT '' COMMENT '部门名称',
  `order_num` int(4) DEFAULT '0' COMMENT '显示顺序',
  `leader` varchar(20) DEFAULT NULL COMMENT '负责人',
  `phone` varchar(11) DEFAULT NULL COMMENT '联系电话',
  `email` varchar(50) DEFAULT NULL COMMENT '邮箱',
  `status` char(1) DEFAULT '0' COMMENT '部门状态（0正常 1停用）',
  `del_flag` char(1) DEFAULT '0' COMMENT '删除标志（0代表存在 2代表删除）',
  `create_by` varchar(64) DEFAULT '' COMMENT '创建者',
  `create_time` datetime DEFAULT NULL COMMENT '创建时间',
  `update_by` varchar(64) DEFAULT '' COMMENT '更新者',
  `update_time` datetime DEFAULT NULL COMMENT '更新时间',
  PRIMARY KEY (`dept_id`)
) ENGINE=InnoDB AUTO_INCREMENT=110 DEFAULT CHARSET=utf8mb4 COMMENT='部门表';

/*Data for the table `sys_dept` */

insert  into `sys_dept`(`dept_id`,`parent_id`,`ancestors`,`dept_name`,`order_num`,`leader`,`phone`,`email`,`status`,`del_flag`,`create_by`,`create_time`,`update_by`,`update_time`) values (100,0,'0','若依科技',0,'若依','15888888888','ry@qq.com','0','0','admin','2023-06-15 10:20:11','',NULL),(101,100,'0,100','深圳总公司',1,'若依','15888888888','ry@qq.com','0','0','admin','2023-06-15 10:20:11','',NULL),(102,100,'0,100','长沙分公司',2,'若依','15888888888','ry@qq.com','0','0','admin','2023-06-15 10:20:11','',NULL),(103,101,'0,100,101','研发部门',1,'若依','15888888888','ry@qq.com','0','0','admin','2023-06-15 10:20:11','',NULL),(104,101,'0,100,101','市场部门',2,'若依','15888888888','ry@qq.com','0','0','admin','2023-06-15 10:20:11','',NULL),(105,101,'0,100,101','测试部门',3,'若依','15888888888','ry@qq.com','0','0','admin','2023-06-15 10:20:11','',NULL),(106,101,'0,100,101','财务部门',4,'若依','15888888888','ry@qq.com','0','0','admin','2023-06-15 10:20:11','',NULL),(107,101,'0,100,101','运维部门',5,'若依','15888888888','ry@qq.com','0','0','admin','2023-06-15 10:20:11','',NULL),(108,102,'0,100,102','市场部门',1,'若依','15888888888','ry@qq.com','0','0','admin','2023-06-15 10:20:11','',NULL),(109,102,'0,100,102','财务部门',2,'若依','15888888888','ry@qq.com','0','0','admin','2023-06-15 10:20:11','',NULL);

/*Table structure for table `sys_dict_data` */

DROP TABLE IF EXISTS `sys_dict_data`;

CREATE TABLE `sys_dict_data` (
  `dict_code` bigint(20) NOT NULL AUTO_INCREMENT COMMENT '字典编码',
  `dict_sort` int(4) DEFAULT '0' COMMENT '字典排序',
  `dict_label` varchar(100) DEFAULT '' COMMENT '字典标签',
  `dict_value` varchar(100) DEFAULT '' COMMENT '字典键值',
  `dict_type` varchar(100) DEFAULT '' COMMENT '字典类型',
  `css_class` varchar(100) DEFAULT NULL COMMENT '样式属性（其他样式扩展）',
  `list_class` varchar(100) DEFAULT NULL COMMENT '表格回显样式',
  `is_default` char(1) DEFAULT 'N' COMMENT '是否默认（Y是 N否）',
  `status` char(1) DEFAULT '0' COMMENT '状态（0正常 1停用）',
  `create_by` varchar(64) DEFAULT '' COMMENT '创建者',
  `create_time` datetime DEFAULT NULL COMMENT '创建时间',
  `update_by` varchar(64) DEFAULT '' COMMENT '更新者',
  `update_time` datetime DEFAULT NULL COMMENT '更新时间',
  `remark` varchar(500) DEFAULT NULL COMMENT '备注',
  PRIMARY KEY (`dict_code`)
) ENGINE=InnoDB AUTO_INCREMENT=30 DEFAULT CHARSET=utf8mb4 COMMENT='字典数据表';

/*Data for the table `sys_dict_data` */

insert  into `sys_dict_data`(`dict_code`,`dict_sort`,`dict_label`,`dict_value`,`dict_type`,`css_class`,`list_class`,`is_default`,`status`,`create_by`,`create_time`,`update_by`,`update_time`,`remark`) values (1,1,'男','0','sys_user_sex','','','Y','0','admin','2023-06-15 10:20:22','',NULL,'性别男'),(2,2,'女','1','sys_user_sex','','','N','0','admin','2023-06-15 10:20:22','',NULL,'性别女'),(3,3,'未知','2','sys_user_sex','','','N','0','admin','2023-06-15 10:20:22','',NULL,'性别未知'),(4,1,'显示','0','sys_show_hide','','primary','Y','0','admin','2023-06-15 10:20:22','',NULL,'显示菜单'),(5,2,'隐藏','1','sys_show_hide','','danger','N','0','admin','2023-06-15 10:20:22','',NULL,'隐藏菜单'),(6,1,'正常','0','sys_normal_disable','','primary','Y','0','admin','2023-06-15 10:20:22','',NULL,'正常状态'),(7,2,'停用','1','sys_normal_disable','','danger','N','0','admin','2023-06-15 10:20:22','',NULL,'停用状态'),(8,1,'正常','0','sys_job_status','','primary','Y','0','admin','2023-06-15 10:20:22','',NULL,'正常状态'),(9,2,'暂停','1','sys_job_status','','danger','N','0','admin','2023-06-15 10:20:22','',NULL,'停用状态'),(10,1,'默认','DEFAULT','sys_job_group','','','Y','0','admin','2023-06-15 10:20:22','',NULL,'默认分组'),(11,2,'系统','SYSTEM','sys_job_group','','','N','0','admin','2023-06-15 10:20:23','',NULL,'系统分组'),(12,1,'是','Y','sys_yes_no','','primary','Y','0','admin','2023-06-15 10:20:23','',NULL,'系统默认是'),(13,2,'否','N','sys_yes_no','','danger','N','0','admin','2023-06-15 10:20:23','',NULL,'系统默认否'),(14,1,'通知','1','sys_notice_type','','warning','Y','0','admin','2023-06-15 10:20:23','',NULL,'通知'),(15,2,'公告','2','sys_notice_type','','success','N','0','admin','2023-06-15 10:20:23','',NULL,'公告'),(16,1,'正常','0','sys_notice_status','','primary','Y','0','admin','2023-06-15 10:20:23','',NULL,'正常状态'),(17,2,'关闭','1','sys_notice_status','','danger','N','0','admin','2023-06-15 10:20:23','',NULL,'关闭状态'),(18,99,'其他','0','sys_oper_type','','info','N','0','admin','2023-06-15 10:20:23','',NULL,'其他操作'),(19,1,'新增','1','sys_oper_type','','info','N','0','admin','2023-06-15 10:20:23','',NULL,'新增操作'),(20,2,'修改','2','sys_oper_type','','info','N','0','admin','2023-06-15 10:20:23','',NULL,'修改操作'),(21,3,'删除','3','sys_oper_type','','danger','N','0','admin','2023-06-15 10:20:23','',NULL,'删除操作'),(22,4,'授权','4','sys_oper_type','','primary','N','0','admin','2023-06-15 10:20:23','',NULL,'授权操作'),(23,5,'导出','5','sys_oper_type','','warning','N','0','admin','2023-06-15 10:20:23','',NULL,'导出操作'),(24,6,'导入','6','sys_oper_type','','warning','N','0','admin','2023-06-15 10:20:23','',NULL,'导入操作'),(25,7,'强退','7','sys_oper_type','','danger','N','0','admin','2023-06-15 10:20:23','',NULL,'强退操作'),(26,8,'生成代码','8','sys_oper_type','','warning','N','0','admin','2023-06-15 10:20:23','',NULL,'生成操作'),(27,9,'清空数据','9','sys_oper_type','','danger','N','0','admin','2023-06-15 10:20:23','',NULL,'清空操作'),(28,1,'成功','0','sys_common_status','','primary','N','0','admin','2023-06-15 10:20:23','',NULL,'正常状态'),(29,2,'失败','1','sys_common_status','','danger','N','0','admin','2023-06-15 10:20:23','',NULL,'停用状态');

/*Table structure for table `sys_dict_type` */

DROP TABLE IF EXISTS `sys_dict_type`;

CREATE TABLE `sys_dict_type` (
  `dict_id` bigint(20) NOT NULL AUTO_INCREMENT COMMENT '字典主键',
  `dict_name` varchar(100) DEFAULT '' COMMENT '字典名称',
  `dict_type` varchar(100) DEFAULT '' COMMENT '字典类型',
  `status` char(1) DEFAULT '0' COMMENT '状态（0正常 1停用）',
  `create_by` varchar(64) DEFAULT '' COMMENT '创建者',
  `create_time` datetime DEFAULT NULL COMMENT '创建时间',
  `update_by` varchar(64) DEFAULT '' COMMENT '更新者',
  `update_time` datetime DEFAULT NULL COMMENT '更新时间',
  `remark` varchar(500) DEFAULT NULL COMMENT '备注',
  PRIMARY KEY (`dict_id`),
  UNIQUE KEY `dict_type` (`dict_type`)
) ENGINE=InnoDB AUTO_INCREMENT=11 DEFAULT CHARSET=utf8mb4 COMMENT='字典类型表';

/*Data for the table `sys_dict_type` */

insert  into `sys_dict_type`(`dict_id`,`dict_name`,`dict_type`,`status`,`create_by`,`create_time`,`update_by`,`update_time`,`remark`) values (1,'用户性别','sys_user_sex','0','admin','2023-06-15 10:20:21','',NULL,'用户性别列表'),(2,'菜单状态','sys_show_hide','0','admin','2023-06-15 10:20:21','',NULL,'菜单状态列表'),(3,'系统开关','sys_normal_disable','0','admin','2023-06-15 10:20:21','',NULL,'系统开关列表'),(4,'任务状态','sys_job_status','0','admin','2023-06-15 10:20:21','',NULL,'任务状态列表'),(5,'任务分组','sys_job_group','0','admin','2023-06-15 10:20:21','',NULL,'任务分组列表'),(6,'系统是否','sys_yes_no','0','admin','2023-06-15 10:20:21','',NULL,'系统是否列表'),(7,'通知类型','sys_notice_type','0','admin','2023-06-15 10:20:21','',NULL,'通知类型列表'),(8,'通知状态','sys_notice_status','0','admin','2023-06-15 10:20:21','',NULL,'通知状态列表'),(9,'操作类型','sys_oper_type','0','admin','2023-06-15 10:20:21','',NULL,'操作类型列表'),(10,'系统状态','sys_common_status','0','admin','2023-06-15 10:20:21','',NULL,'登录状态列表');

/*Table structure for table `sys_job` */

DROP TABLE IF EXISTS `sys_job`;

CREATE TABLE `sys_job` (
  `job_id` bigint(20) NOT NULL AUTO_INCREMENT COMMENT '任务ID',
  `job_name` varchar(64) NOT NULL DEFAULT '' COMMENT '任务名称',
  `job_group` varchar(64) NOT NULL DEFAULT 'DEFAULT' COMMENT '任务组名',
  `invoke_target` varchar(500) NOT NULL COMMENT '调用目标字符串',
  `cron_expression` varchar(255) DEFAULT '' COMMENT 'cron执行表达式',
  `misfire_policy` varchar(20) DEFAULT '3' COMMENT '计划执行错误策略（1立即执行 2执行一次 3放弃执行）',
  `concurrent` char(1) DEFAULT '1' COMMENT '是否并发执行（0允许 1禁止）',
  `status` char(1) DEFAULT '0' COMMENT '状态（0正常 1暂停）',
  `create_by` varchar(64) DEFAULT '' COMMENT '创建者',
  `create_time` datetime DEFAULT NULL COMMENT '创建时间',
  `update_by` varchar(64) DEFAULT '' COMMENT '更新者',
  `update_time` datetime DEFAULT NULL COMMENT '更新时间',
  `remark` varchar(500) DEFAULT '' COMMENT '备注信息',
  PRIMARY KEY (`job_id`,`job_name`,`job_group`)
) ENGINE=InnoDB AUTO_INCREMENT=4 DEFAULT CHARSET=utf8mb4 COMMENT='定时任务调度表';

/*Data for the table `sys_job` */

insert  into `sys_job`(`job_id`,`job_name`,`job_group`,`invoke_target`,`cron_expression`,`misfire_policy`,`concurrent`,`status`,`create_by`,`create_time`,`update_by`,`update_time`,`remark`) values (1,'系统默认（无参）','DEFAULT','ryTask.ryNoParams','0/10 * * * * ?','3','1','1','admin','2023-06-15 10:20:25','',NULL,''),(2,'系统默认（有参）','DEFAULT','ryTask.ryParams(\'ry\')','0/15 * * * * ?','3','1','1','admin','2023-06-15 10:20:25','',NULL,''),(3,'系统默认（多参）','DEFAULT','ryTask.ryMultipleParams(\'ry\', true, 2000L, 316.50D, 100)','0/20 * * * * ?','3','1','1','admin','2023-06-15 10:20:25','',NULL,'');

/*Table structure for table `sys_job_log` */

DROP TABLE IF EXISTS `sys_job_log`;

CREATE TABLE `sys_job_log` (
  `job_log_id` bigint(20) NOT NULL AUTO_INCREMENT COMMENT '任务日志ID',
  `job_name` varchar(64) NOT NULL COMMENT '任务名称',
  `job_group` varchar(64) NOT NULL COMMENT '任务组名',
  `invoke_target` varchar(500) NOT NULL COMMENT '调用目标字符串',
  `job_message` varchar(500) DEFAULT NULL COMMENT '日志信息',
  `status` char(1) DEFAULT '0' COMMENT '执行状态（0正常 1失败）',
  `exception_info` varchar(2000) DEFAULT '' COMMENT '异常信息',
  `create_time` datetime DEFAULT NULL COMMENT '创建时间',
  PRIMARY KEY (`job_log_id`)
) ENGINE=InnoDB DEFAULT CHARSET=utf8mb4 COMMENT='定时任务调度日志表';

/*Data for the table `sys_job_log` */

/*Table structure for table `sys_logininfor` */

DROP TABLE IF EXISTS `sys_logininfor`;

CREATE TABLE `sys_logininfor` (
  `info_id` bigint(20) NOT NULL AUTO_INCREMENT COMMENT '访问ID',
  `user_name` varchar(50) DEFAULT '' COMMENT '用户账号',
  `ipaddr` varchar(128) DEFAULT '' COMMENT '登录IP地址',
  `login_location` varchar(255) DEFAULT '' COMMENT '登录地点',
  `browser` varchar(50) DEFAULT '' COMMENT '浏览器类型',
  `os` varchar(50) DEFAULT '' COMMENT '操作系统',
  `status` char(1) DEFAULT '0' COMMENT '登录状态（0成功 1失败）',
  `msg` varchar(255) DEFAULT '' COMMENT '提示消息',
  `login_time` datetime DEFAULT NULL COMMENT '访问时间',
  PRIMARY KEY (`info_id`)
) ENGINE=InnoDB AUTO_INCREMENT=110 DEFAULT CHARSET=utf8mb4 COMMENT='系统访问记录';

/*Data for the table `sys_logininfor` */

insert  into `sys_logininfor`(`info_id`,`user_name`,`ipaddr`,`login_location`,`browser`,`os`,`status`,`msg`,`login_time`) values (100,'admin','127.0.0.1','内网IP','Chrome 11','Windows 10','0','登录成功','2023-06-15 10:29:50'),(101,'admin','127.0.0.1','内网IP','Chrome 11','Windows 10','0','登录成功','2023-09-06 16:25:23'),(102,'admin','127.0.0.1','内网IP','Chrome 11','Windows 10','0','登录成功','2023-09-08 16:26:38'),(103,'admin','127.0.0.1','内网IP','Chrome 11','Windows 10','0','登录成功','2023-09-08 17:11:33'),(104,'admin','127.0.0.1','内网IP','Chrome 11','Windows 10','0','登录成功','2023-09-13 17:03:56'),(105,'admin','127.0.0.1','内网IP','Chrome 11','Windows 10','1','验证码错误','2023-09-21 10:59:12'),(106,'admin','127.0.0.1','内网IP','Chrome 11','Windows 10','0','登录成功','2023-09-21 10:59:20'),(107,'admin','127.0.0.1','内网IP','Chrome 11','Windows 10','0','登录成功','2023-09-21 17:17:29'),(108,'admin','127.0.0.1','内网IP','Chrome 11','Windows 10','0','登录成功','2023-09-22 11:13:50'),(109,'admin','127.0.0.1','内网IP','Chrome 11','Windows 10','0','登录成功','2023-10-09 17:48:55');

/*Table structure for table `sys_menu` */

DROP TABLE IF EXISTS `sys_menu`;

CREATE TABLE `sys_menu` (
  `menu_id` bigint(20) NOT NULL AUTO_INCREMENT COMMENT '菜单ID',
  `menu_name` varchar(50) NOT NULL COMMENT '菜单名称',
  `parent_id` bigint(20) DEFAULT '0' COMMENT '父菜单ID',
  `order_num` int(4) DEFAULT '0' COMMENT '显示顺序',
  `path` varchar(200) DEFAULT '' COMMENT '路由地址',
  `component` varchar(255) DEFAULT NULL COMMENT '组件路径',
  `query` varchar(255) DEFAULT NULL COMMENT '路由参数',
  `is_frame` int(1) DEFAULT '1' COMMENT '是否为外链（0是 1否）',
  `is_cache` int(1) DEFAULT '0' COMMENT '是否缓存（0缓存 1不缓存）',
  `menu_type` char(1) DEFAULT '' COMMENT '菜单类型（M目录 C菜单 F按钮）',
  `visible` char(1) DEFAULT '0' COMMENT '菜单状态（0显示 1隐藏）',
  `status` char(1) DEFAULT '0' COMMENT '菜单状态（0正常 1停用）',
  `perms` varchar(100) DEFAULT NULL COMMENT '权限标识',
  `icon` varchar(100) DEFAULT '#' COMMENT '菜单图标',
  `create_by` varchar(64) DEFAULT '' COMMENT '创建者',
  `create_time` datetime DEFAULT NULL COMMENT '创建时间',
  `update_by` varchar(64) DEFAULT '' COMMENT '更新者',
  `update_time` datetime DEFAULT NULL COMMENT '更新时间',
  `remark` varchar(500) DEFAULT '' COMMENT '备注',
  PRIMARY KEY (`menu_id`)
) ENGINE=InnoDB AUTO_INCREMENT=2239 DEFAULT CHARSET=utf8mb4 COMMENT='菜单权限表';

/*Data for the table `sys_menu` */

insert  into `sys_menu`(`menu_id`,`menu_name`,`parent_id`,`order_num`,`path`,`component`,`query`,`is_frame`,`is_cache`,`menu_type`,`visible`,`status`,`perms`,`icon`,`create_by`,`create_time`,`update_by`,`update_time`,`remark`) values (1,'系统管理',0,1,'system',NULL,'',1,0,'M','0','0','','system','admin','2023-06-15 10:20:16','',NULL,'系统管理目录'),(2,'系统监控',0,2,'monitor',NULL,'',1,0,'M','0','0','','monitor','admin','2023-06-15 10:20:16','',NULL,'系统监控目录'),(3,'系统工具',0,3,'tool',NULL,'',1,0,'M','0','0','','tool','admin','2023-06-15 10:20:16','',NULL,'系统工具目录'),(4,'若依官网',0,4,'http://ruoyi.vip',NULL,'',0,0,'M','0','1','','guide','admin','2023-06-15 10:20:16','admin','2023-10-09 18:20:53','若依官网地址'),(100,'用户管理',1,1,'user','system/user/index','',1,0,'C','0','0','system:user:list','user','admin','2023-06-15 10:20:16','',NULL,'用户管理菜单'),(101,'角色管理',1,2,'role','system/role/index','',1,0,'C','0','0','system:role:list','peoples','admin','2023-06-15 10:20:16','',NULL,'角色管理菜单'),(102,'菜单管理',1,3,'menu','system/menu/index','',1,0,'C','0','0','system:menu:list','tree-table','admin','2023-06-15 10:20:16','',NULL,'菜单管理菜单'),(103,'部门管理',1,4,'dept','system/dept/index','',1,0,'C','0','0','system:dept:list','tree','admin','2023-06-15 10:20:16','',NULL,'部门管理菜单'),(104,'岗位管理',1,5,'post','system/post/index','',1,0,'C','0','0','system:post:list','post','admin','2023-06-15 10:20:16','',NULL,'岗位管理菜单'),(105,'字典管理',1,6,'dict','system/dict/index','',1,0,'C','0','0','system:dict:list','dict','admin','2023-06-15 10:20:16','',NULL,'字典管理菜单'),(106,'参数设置',1,7,'config','system/config/index','',1,0,'C','0','0','system:config:list','edit','admin','2023-06-15 10:20:16','',NULL,'参数设置菜单'),(107,'通知公告',1,8,'notice','system/notice/index','',1,0,'C','0','0','system:notice:list','message','admin','2023-06-15 10:20:16','',NULL,'通知公告菜单'),(108,'日志管理',1,9,'log','','',1,0,'M','0','0','','log','admin','2023-06-15 10:20:16','',NULL,'日志管理菜单'),(109,'在线用户',2,1,'online','monitor/online/index','',1,0,'C','0','0','monitor:online:list','online','admin','2023-06-15 10:20:16','',NULL,'在线用户菜单'),(110,'定时任务',2,2,'job','monitor/job/index','',1,0,'C','0','0','monitor:job:list','job','admin','2023-06-15 10:20:16','',NULL,'定时任务菜单'),(111,'数据监控',2,3,'druid','monitor/druid/index','',1,0,'C','0','0','monitor:druid:list','druid','admin','2023-06-15 10:20:16','',NULL,'数据监控菜单'),(112,'服务监控',2,4,'server','monitor/server/index','',1,0,'C','0','0','monitor:server:list','server','admin','2023-06-15 10:20:16','',NULL,'服务监控菜单'),(113,'缓存监控',2,5,'cache','monitor/cache/index','',1,0,'C','0','0','monitor:cache:list','redis','admin','2023-06-15 10:20:16','',NULL,'缓存监控菜单'),(114,'缓存列表',2,6,'cacheList','monitor/cache/list','',1,0,'C','0','0','monitor:cache:list','redis-list','admin','2023-06-15 10:20:16','',NULL,'缓存列表菜单'),(115,'表单构建',3,1,'build','tool/build/index','',1,0,'C','0','0','tool:build:list','build','admin','2023-06-15 10:20:16','',NULL,'表单构建菜单'),(116,'代码生成',3,2,'gen','tool/gen/index','',1,0,'C','0','0','tool:gen:list','code','admin','2023-06-15 10:20:16','',NULL,'代码生成菜单'),(117,'系统接口',3,3,'swagger','tool/swagger/index','',1,0,'C','0','0','tool:swagger:list','swagger','admin','2023-06-15 10:20:16','',NULL,'系统接口菜单'),(500,'操作日志',108,1,'operlog','monitor/operlog/index','',1,0,'C','0','0','monitor:operlog:list','form','admin','2023-06-15 10:20:16','',NULL,'操作日志菜单'),(501,'登录日志',108,2,'logininfor','monitor/logininfor/index','',1,0,'C','0','0','monitor:logininfor:list','logininfor','admin','2023-06-15 10:20:16','',NULL,'登录日志菜单'),(1000,'用户查询',100,1,'','','',1,0,'F','0','0','system:user:query','#','admin','2023-06-15 10:20:16','',NULL,''),(1001,'用户新增',100,2,'','','',1,0,'F','0','0','system:user:add','#','admin','2023-06-15 10:20:16','',NULL,''),(1002,'用户修改',100,3,'','','',1,0,'F','0','0','system:user:edit','#','admin','2023-06-15 10:20:16','',NULL,''),(1003,'用户删除',100,4,'','','',1,0,'F','0','0','system:user:remove','#','admin','2023-06-15 10:20:16','',NULL,''),(1004,'用户导出',100,5,'','','',1,0,'F','0','0','system:user:export','#','admin','2023-06-15 10:20:16','',NULL,''),(1005,'用户导入',100,6,'','','',1,0,'F','0','0','system:user:import','#','admin','2023-06-15 10:20:16','',NULL,''),(1006,'重置密码',100,7,'','','',1,0,'F','0','0','system:user:resetPwd','#','admin','2023-06-15 10:20:16','',NULL,''),(1007,'角色查询',101,1,'','','',1,0,'F','0','0','system:role:query','#','admin','2023-06-15 10:20:16','',NULL,''),(1008,'角色新增',101,2,'','','',1,0,'F','0','0','system:role:add','#','admin','2023-06-15 10:20:16','',NULL,''),(1009,'角色修改',101,3,'','','',1,0,'F','0','0','system:role:edit','#','admin','2023-06-15 10:20:16','',NULL,''),(1010,'角色删除',101,4,'','','',1,0,'F','0','0','system:role:remove','#','admin','2023-06-15 10:20:16','',NULL,''),(1011,'角色导出',101,5,'','','',1,0,'F','0','0','system:role:export','#','admin','2023-06-15 10:20:16','',NULL,''),(1012,'菜单查询',102,1,'','','',1,0,'F','0','0','system:menu:query','#','admin','2023-06-15 10:20:16','',NULL,''),(1013,'菜单新增',102,2,'','','',1,0,'F','0','0','system:menu:add','#','admin','2023-06-15 10:20:16','',NULL,''),(1014,'菜单修改',102,3,'','','',1,0,'F','0','0','system:menu:edit','#','admin','2023-06-15 10:20:16','',NULL,''),(1015,'菜单删除',102,4,'','','',1,0,'F','0','0','system:menu:remove','#','admin','2023-06-15 10:20:16','',NULL,''),(1016,'部门查询',103,1,'','','',1,0,'F','0','0','system:dept:query','#','admin','2023-06-15 10:20:16','',NULL,''),(1017,'部门新增',103,2,'','','',1,0,'F','0','0','system:dept:add','#','admin','2023-06-15 10:20:16','',NULL,''),(1018,'部门修改',103,3,'','','',1,0,'F','0','0','system:dept:edit','#','admin','2023-06-15 10:20:16','',NULL,''),(1019,'部门删除',103,4,'','','',1,0,'F','0','0','system:dept:remove','#','admin','2023-06-15 10:20:16','',NULL,''),(1020,'岗位查询',104,1,'','','',1,0,'F','0','0','system:post:query','#','admin','2023-06-15 10:20:16','',NULL,''),(1021,'岗位新增',104,2,'','','',1,0,'F','0','0','system:post:add','#','admin','2023-06-15 10:20:16','',NULL,''),(1022,'岗位修改',104,3,'','','',1,0,'F','0','0','system:post:edit','#','admin','2023-06-15 10:20:16','',NULL,''),(1023,'岗位删除',104,4,'','','',1,0,'F','0','0','system:post:remove','#','admin','2023-06-15 10:20:16','',NULL,''),(1024,'岗位导出',104,5,'','','',1,0,'F','0','0','system:post:export','#','admin','2023-06-15 10:20:16','',NULL,''),(1025,'字典查询',105,1,'#','','',1,0,'F','0','0','system:dict:query','#','admin','2023-06-15 10:20:16','',NULL,''),(1026,'字典新增',105,2,'#','','',1,0,'F','0','0','system:dict:add','#','admin','2023-06-15 10:20:16','',NULL,''),(1027,'字典修改',105,3,'#','','',1,0,'F','0','0','system:dict:edit','#','admin','2023-06-15 10:20:16','',NULL,''),(1028,'字典删除',105,4,'#','','',1,0,'F','0','0','system:dict:remove','#','admin','2023-06-15 10:20:16','',NULL,''),(1029,'字典导出',105,5,'#','','',1,0,'F','0','0','system:dict:export','#','admin','2023-06-15 10:20:16','',NULL,''),(1030,'参数查询',106,1,'#','','',1,0,'F','0','0','system:config:query','#','admin','2023-06-15 10:20:16','',NULL,''),(1031,'参数新增',106,2,'#','','',1,0,'F','0','0','system:config:add','#','admin','2023-06-15 10:20:16','',NULL,''),(1032,'参数修改',106,3,'#','','',1,0,'F','0','0','system:config:edit','#','admin','2023-06-15 10:20:16','',NULL,''),(1033,'参数删除',106,4,'#','','',1,0,'F','0','0','system:config:remove','#','admin','2023-06-15 10:20:16','',NULL,''),(1034,'参数导出',106,5,'#','','',1,0,'F','0','0','system:config:export','#','admin','2023-06-15 10:20:16','',NULL,''),(1035,'公告查询',107,1,'#','','',1,0,'F','0','0','system:notice:query','#','admin','2023-06-15 10:20:16','',NULL,''),(1036,'公告新增',107,2,'#','','',1,0,'F','0','0','system:notice:add','#','admin','2023-06-15 10:20:16','',NULL,''),(1037,'公告修改',107,3,'#','','',1,0,'F','0','0','system:notice:edit','#','admin','2023-06-15 10:20:16','',NULL,''),(1038,'公告删除',107,4,'#','','',1,0,'F','0','0','system:notice:remove','#','admin','2023-06-15 10:20:16','',NULL,''),(1039,'操作查询',500,1,'#','','',1,0,'F','0','0','monitor:operlog:query','#','admin','2023-06-15 10:20:16','',NULL,''),(1040,'操作删除',500,2,'#','','',1,0,'F','0','0','monitor:operlog:remove','#','admin','2023-06-15 10:20:16','',NULL,''),(1041,'日志导出',500,3,'#','','',1,0,'F','0','0','monitor:operlog:export','#','admin','2023-06-15 10:20:16','',NULL,''),(1042,'登录查询',501,1,'#','','',1,0,'F','0','0','monitor:logininfor:query','#','admin','2023-06-15 10:20:16','',NULL,''),(1043,'登录删除',501,2,'#','','',1,0,'F','0','0','monitor:logininfor:remove','#','admin','2023-06-15 10:20:16','',NULL,''),(1044,'日志导出',501,3,'#','','',1,0,'F','0','0','monitor:logininfor:export','#','admin','2023-06-15 10:20:16','',NULL,''),(1045,'账户解锁',501,4,'#','','',1,0,'F','0','0','monitor:logininfor:unlock','#','admin','2023-06-15 10:20:16','',NULL,''),(1046,'在线查询',109,1,'#','','',1,0,'F','0','0','monitor:online:query','#','admin','2023-06-15 10:20:16','',NULL,''),(1047,'批量强退',109,2,'#','','',1,0,'F','0','0','monitor:online:batchLogout','#','admin','2023-06-15 10:20:16','',NULL,''),(1048,'单条强退',109,3,'#','','',1,0,'F','0','0','monitor:online:forceLogout','#','admin','2023-06-15 10:20:16','',NULL,''),(1049,'任务查询',110,1,'#','','',1,0,'F','0','0','monitor:job:query','#','admin','2023-06-15 10:20:16','',NULL,''),(1050,'任务新增',110,2,'#','','',1,0,'F','0','0','monitor:job:add','#','admin','2023-06-15 10:20:16','',NULL,''),(1051,'任务修改',110,3,'#','','',1,0,'F','0','0','monitor:job:edit','#','admin','2023-06-15 10:20:16','',NULL,''),(1052,'任务删除',110,4,'#','','',1,0,'F','0','0','monitor:job:remove','#','admin','2023-06-15 10:20:16','',NULL,''),(1053,'状态修改',110,5,'#','','',1,0,'F','0','0','monitor:job:changeStatus','#','admin','2023-06-15 10:20:16','',NULL,''),(1054,'任务导出',110,6,'#','','',1,0,'F','0','0','monitor:job:export','#','admin','2023-06-15 10:20:16','',NULL,''),(1055,'生成查询',116,1,'#','','',1,0,'F','0','0','tool:gen:query','#','admin','2023-06-15 10:20:16','',NULL,''),(1056,'生成修改',116,2,'#','','',1,0,'F','0','0','tool:gen:edit','#','admin','2023-06-15 10:20:16','',NULL,''),(1057,'生成删除',116,3,'#','','',1,0,'F','0','0','tool:gen:remove','#','admin','2023-06-15 10:20:16','',NULL,''),(1058,'导入代码',116,4,'#','','',1,0,'F','0','0','tool:gen:import','#','admin','2023-06-15 10:20:16','',NULL,''),(1059,'预览代码',116,5,'#','','',1,0,'F','0','0','tool:gen:preview','#','admin','2023-06-15 10:20:16','',NULL,''),(1060,'生成代码',116,6,'#','','',1,0,'F','0','0','tool:gen:code','#','admin','2023-06-15 10:20:16','',NULL,''),(2000,'充电管理',0,5,'charge',NULL,NULL,1,0,'M','0','0',NULL,'chart','admin','2023-06-15 10:31:42','',NULL,''),(2157,'运营商',2235,1,'operatorInfo','charge/operatorInfo/index',NULL,1,0,'C','0','0','charge:operatorInfo:list','people','admin','2023-09-08 16:51:42','admin','2023-10-09 18:12:31','运营商菜单'),(2158,'运营商查询',2157,1,'#','',NULL,1,0,'F','0','0','charge:operatorInfo:query','#','admin','2023-09-08 16:51:43','',NULL,''),(2159,'运营商新增',2157,2,'#','',NULL,1,0,'F','0','0','charge:operatorInfo:add','#','admin','2023-09-08 16:51:43','',NULL,''),(2160,'运营商修改',2157,3,'#','',NULL,1,0,'F','0','0','charge:operatorInfo:edit','#','admin','2023-09-08 16:51:43','',NULL,''),(2161,'运营商删除',2157,4,'#','',NULL,1,0,'F','0','0','charge:operatorInfo:remove','#','admin','2023-09-08 16:51:43','',NULL,''),(2162,'运营商导出',2157,5,'#','',NULL,1,0,'F','0','0','charge:operatorInfo:export','#','admin','2023-09-08 16:51:43','',NULL,''),(2163,'充电场站',2235,1,'station','charge/station/index',NULL,1,0,'C','0','0','charge:station:list','example','admin','2023-09-08 16:52:07','admin','2023-10-09 18:13:58','充电站菜单'),(2164,'充电站查询',2163,1,'#','',NULL,1,0,'F','0','0','charge:station:query','#','admin','2023-09-08 16:52:07','',NULL,''),(2165,'充电站新增',2163,2,'#','',NULL,1,0,'F','0','0','charge:station:add','#','admin','2023-09-08 16:52:07','',NULL,''),(2166,'充电站修改',2163,3,'#','',NULL,1,0,'F','0','0','charge:station:edit','#','admin','2023-09-08 16:52:07','',NULL,''),(2167,'充电站删除',2163,4,'#','',NULL,1,0,'F','0','0','charge:station:remove','#','admin','2023-09-08 16:52:07','',NULL,''),(2168,'充电站导出',2163,5,'#','',NULL,1,0,'F','0','0','charge:station:export','#','admin','2023-09-08 16:52:07','',NULL,''),(2169,'充电桩',2235,1,'pileInfo','charge/pileInfo/index',NULL,1,0,'C','0','0','charge:pileInfo:list','example','admin','2023-09-08 16:52:37','admin','2023-10-09 18:14:12','充电桩菜单'),(2170,'充电桩查询',2169,1,'#','',NULL,1,0,'F','0','0','charge:pileInfo:query','#','admin','2023-09-08 16:52:37','',NULL,''),(2171,'充电桩新增',2169,2,'#','',NULL,1,0,'F','0','0','charge:pileInfo:add','#','admin','2023-09-08 16:52:37','',NULL,''),(2172,'充电桩修改',2169,3,'#','',NULL,1,0,'F','0','0','charge:pileInfo:edit','#','admin','2023-09-08 16:52:37','',NULL,''),(2173,'充电桩删除',2169,4,'#','',NULL,1,0,'F','0','0','charge:pileInfo:remove','#','admin','2023-09-08 16:52:37','',NULL,''),(2174,'充电桩导出',2169,5,'#','',NULL,1,0,'F','0','0','charge:pileInfo:export','#','admin','2023-09-08 16:52:37','',NULL,''),(2175,'充电枪',2235,1,'info','charge/info/index',NULL,1,0,'C','0','0','charge:info:list','example','admin','2023-09-08 16:52:59','admin','2023-10-09 18:14:33','充电枪菜单'),(2176,'充电枪查询',2175,1,'#','',NULL,1,0,'F','0','0','charge:info:query','#','admin','2023-09-08 16:52:59','',NULL,''),(2177,'充电枪新增',2175,2,'#','',NULL,1,0,'F','0','0','charge:info:add','#','admin','2023-09-08 16:52:59','',NULL,''),(2178,'充电枪修改',2175,3,'#','',NULL,1,0,'F','0','0','charge:info:edit','#','admin','2023-09-08 16:52:59','',NULL,''),(2179,'充电枪删除',2175,4,'#','',NULL,1,0,'F','0','0','charge:info:remove','#','admin','2023-09-08 16:52:59','',NULL,''),(2180,'充电枪导出',2175,5,'#','',NULL,1,0,'F','0','0','charge:info:export','#','admin','2023-09-08 16:52:59','',NULL,''),(2181,'计费规则',2236,1,'rule','charge/rule/index',NULL,1,0,'C','0','0','charge:rule:list','money','admin','2023-09-08 16:53:20','admin','2023-10-09 18:15:03','计费规则菜单'),(2182,'计费规则查询',2181,1,'#','',NULL,1,0,'F','0','0','charge:rule:query','#','admin','2023-09-08 16:53:20','',NULL,''),(2183,'计费规则新增',2181,2,'#','',NULL,1,0,'F','0','0','charge:rule:add','#','admin','2023-09-08 16:53:20','',NULL,''),(2184,'计费规则修改',2181,3,'#','',NULL,1,0,'F','0','0','charge:rule:edit','#','admin','2023-09-08 16:53:20','',NULL,''),(2185,'计费规则删除',2181,4,'#','',NULL,1,0,'F','0','0','charge:rule:remove','#','admin','2023-09-08 16:53:20','',NULL,''),(2186,'计费规则导出',2181,5,'#','',NULL,1,0,'F','0','0','charge:rule:export','#','admin','2023-09-08 16:53:20','',NULL,''),(2187,'用户',2237,1,'userInfo','charge/userInfo/index',NULL,1,0,'C','0','0','charge:userInfo:list','user','admin','2023-09-08 16:53:38','admin','2023-10-09 18:15:30','用户菜单'),(2188,'用户查询',2187,1,'#','',NULL,1,0,'F','0','0','charge:userInfo:query','#','admin','2023-09-08 16:53:38','',NULL,''),(2189,'用户新增',2187,2,'#','',NULL,1,0,'F','0','0','charge:userInfo:add','#','admin','2023-09-08 16:53:38','',NULL,''),(2190,'用户修改',2187,3,'#','',NULL,1,0,'F','0','0','charge:userInfo:edit','#','admin','2023-09-08 16:53:38','',NULL,''),(2191,'用户删除',2187,4,'#','',NULL,1,0,'F','0','0','charge:userInfo:remove','#','admin','2023-09-08 16:53:38','',NULL,''),(2192,'用户导出',2187,5,'#','',NULL,1,0,'F','0','0','charge:userInfo:export','#','admin','2023-09-08 16:53:38','',NULL,''),(2193,'车辆',2237,1,'vehicle','charge/vehicle/index',NULL,1,0,'C','0','0','charge:vehicle:list','button','admin','2023-09-08 16:53:58','admin','2023-10-09 18:16:28','车辆菜单'),(2194,'车辆查询',2193,1,'#','',NULL,1,0,'F','0','0','charge:vehicle:query','#','admin','2023-09-08 16:53:58','',NULL,''),(2195,'车辆新增',2193,2,'#','',NULL,1,0,'F','0','0','charge:vehicle:add','#','admin','2023-09-08 16:53:58','',NULL,''),(2196,'车辆修改',2193,3,'#','',NULL,1,0,'F','0','0','charge:vehicle:edit','#','admin','2023-09-08 16:53:58','',NULL,''),(2197,'车辆删除',2193,4,'#','',NULL,1,0,'F','0','0','charge:vehicle:remove','#','admin','2023-09-08 16:53:58','',NULL,''),(2198,'车辆导出',2193,5,'#','',NULL,1,0,'F','0','0','charge:vehicle:export','#','admin','2023-09-08 16:53:58','',NULL,''),(2199,'车辆绑定',2237,1,'bind','charge/bind/index',NULL,1,0,'C','0','0','charge:bind:list','button','admin','2023-09-08 16:54:17','admin','2023-10-09 18:16:39','车辆绑定菜单'),(2200,'车辆绑定查询',2199,1,'#','',NULL,1,0,'F','0','0','charge:bind:query','#','admin','2023-09-08 16:54:17','',NULL,''),(2201,'车辆绑定新增',2199,2,'#','',NULL,1,0,'F','0','0','charge:bind:add','#','admin','2023-09-08 16:54:17','',NULL,''),(2202,'车辆绑定修改',2199,3,'#','',NULL,1,0,'F','0','0','charge:bind:edit','#','admin','2023-09-08 16:54:17','',NULL,''),(2203,'车辆绑定删除',2199,4,'#','',NULL,1,0,'F','0','0','charge:bind:remove','#','admin','2023-09-08 16:54:17','',NULL,''),(2204,'车辆绑定导出',2199,5,'#','',NULL,1,0,'F','0','0','charge:bind:export','#','admin','2023-09-08 16:54:17','',NULL,''),(2205,'成功订单',2238,1,'succes','charge/succes/index',NULL,1,0,'C','0','0','charge:succes:list','shopping','admin','2023-09-08 16:54:35','admin','2023-10-09 18:17:42','成功订单菜单'),(2206,'成功订单查询',2205,1,'#','',NULL,1,0,'F','0','0','charge:succes:query','#','admin','2023-09-08 16:54:35','',NULL,''),(2207,'成功订单新增',2205,2,'#','',NULL,1,0,'F','0','0','charge:succes:add','#','admin','2023-09-08 16:54:35','',NULL,''),(2208,'成功订单修改',2205,3,'#','',NULL,1,0,'F','0','0','charge:succes:edit','#','admin','2023-09-08 16:54:35','',NULL,''),(2209,'成功订单删除',2205,4,'#','',NULL,1,0,'F','0','0','charge:succes:remove','#','admin','2023-09-08 16:54:35','',NULL,''),(2210,'成功订单导出',2205,5,'#','',NULL,1,0,'F','0','0','charge:succes:export','#','admin','2023-09-08 16:54:35','',NULL,''),(2211,'失败订单',2238,1,'fail','charge/fail/index',NULL,1,0,'C','0','0','charge:fail:list','shopping','admin','2023-09-08 16:54:52','admin','2023-10-09 18:17:58','失败订单菜单'),(2212,'失败订单查询',2211,1,'#','',NULL,1,0,'F','0','0','charge:fail:query','#','admin','2023-09-08 16:54:52','',NULL,''),(2213,'失败订单新增',2211,2,'#','',NULL,1,0,'F','0','0','charge:fail:add','#','admin','2023-09-08 16:54:52','',NULL,''),(2214,'失败订单修改',2211,3,'#','',NULL,1,0,'F','0','0','charge:fail:edit','#','admin','2023-09-08 16:54:52','',NULL,''),(2215,'失败订单删除',2211,4,'#','',NULL,1,0,'F','0','0','charge:fail:remove','#','admin','2023-09-08 16:54:52','',NULL,''),(2216,'失败订单导出',2211,5,'#','',NULL,1,0,'F','0','0','charge:fail:export','#','admin','2023-09-08 16:54:52','',NULL,''),(2217,'订单异常',2238,1,'exception','charge/exception/index',NULL,1,0,'C','0','0','charge:exception:list','shopping','admin','2023-09-08 16:55:10','admin','2023-10-09 18:18:13','订单异常菜单'),(2218,'订单异常查询',2217,1,'#','',NULL,1,0,'F','0','0','charge:exception:query','#','admin','2023-09-08 16:55:10','',NULL,''),(2219,'订单异常新增',2217,2,'#','',NULL,1,0,'F','0','0','charge:exception:add','#','admin','2023-09-08 16:55:10','',NULL,''),(2220,'订单异常修改',2217,3,'#','',NULL,1,0,'F','0','0','charge:exception:edit','#','admin','2023-09-08 16:55:10','',NULL,''),(2221,'订单异常删除',2217,4,'#','',NULL,1,0,'F','0','0','charge:exception:remove','#','admin','2023-09-08 16:55:10','',NULL,''),(2222,'订单异常导出',2217,5,'#','',NULL,1,0,'F','0','0','charge:exception:export','#','admin','2023-09-08 16:55:10','',NULL,''),(2223,' 管理员',2237,6,'admin','charge/admin/index',NULL,1,0,'C','0','0','charge:admin:list','user','admin','2023-09-08 16:55:25','admin','2023-10-09 18:16:52',' 管理员菜单'),(2224,' 管理员查询',2223,1,'#','',NULL,1,0,'F','0','0','charge:admin:query','#','admin','2023-09-08 16:55:25','',NULL,''),(2225,' 管理员新增',2223,2,'#','',NULL,1,0,'F','0','0','charge:admin:add','#','admin','2023-09-08 16:55:25','',NULL,''),(2226,' 管理员修改',2223,3,'#','',NULL,1,0,'F','0','0','charge:admin:edit','#','admin','2023-09-08 16:55:25','',NULL,''),(2227,' 管理员删除',2223,4,'#','',NULL,1,0,'F','0','0','charge:admin:remove','#','admin','2023-09-08 16:55:25','',NULL,''),(2228,' 管理员导出',2223,5,'#','',NULL,1,0,'F','0','0','charge:admin:export','#','admin','2023-09-08 16:55:25','',NULL,''),(2229,'充电进度',2238,1,'progress','charge/progress/index',NULL,1,0,'C','0','0','charge:progress:list','monitor','admin','2023-09-08 16:55:53','admin','2023-10-09 18:18:44','充电进度菜单'),(2230,'充电进度查询',2229,1,'#','',NULL,1,0,'F','0','0','charge:progress:query','#','admin','2023-09-08 16:55:53','',NULL,''),(2231,'充电进度新增',2229,2,'#','',NULL,1,0,'F','0','0','charge:progress:add','#','admin','2023-09-08 16:55:53','',NULL,''),(2232,'充电进度修改',2229,3,'#','',NULL,1,0,'F','0','0','charge:progress:edit','#','admin','2023-09-08 16:55:53','',NULL,''),(2233,'充电进度删除',2229,4,'#','',NULL,1,0,'F','0','0','charge:progress:remove','#','admin','2023-09-08 16:55:53','',NULL,''),(2234,'充电进度导出',2229,5,'#','',NULL,1,0,'F','0','0','charge:progress:export','#','admin','2023-09-08 16:55:53','',NULL,''),(2235,'设备管理',2000,1,'device',NULL,NULL,1,0,'M','0','0',NULL,'date','admin','2023-10-09 17:54:31','',NULL,''),(2236,'计费管理',2000,2,'cost',NULL,NULL,1,0,'M','0','0',NULL,'money','admin','2023-10-09 18:02:04','',NULL,''),(2237,'用户管理',2000,3,'user',NULL,NULL,1,0,'M','0','0',NULL,'people','admin','2023-10-09 18:07:37','',NULL,''),(2238,'订单管理',2000,4,'bill',NULL,NULL,1,0,'M','0','0',NULL,'table','admin','2023-10-09 18:09:54','',NULL,'');

/*Table structure for table `sys_notice` */

DROP TABLE IF EXISTS `sys_notice`;

CREATE TABLE `sys_notice` (
  `notice_id` int(4) NOT NULL AUTO_INCREMENT COMMENT '公告ID',
  `notice_title` varchar(50) NOT NULL COMMENT '公告标题',
  `notice_type` char(1) NOT NULL COMMENT '公告类型（1通知 2公告）',
  `notice_content` longblob COMMENT '公告内容',
  `status` char(1) DEFAULT '0' COMMENT '公告状态（0正常 1关闭）',
  `create_by` varchar(64) DEFAULT '' COMMENT '创建者',
  `create_time` datetime DEFAULT NULL COMMENT '创建时间',
  `update_by` varchar(64) DEFAULT '' COMMENT '更新者',
  `update_time` datetime DEFAULT NULL COMMENT '更新时间',
  `remark` varchar(255) DEFAULT NULL COMMENT '备注',
  PRIMARY KEY (`notice_id`)
) ENGINE=InnoDB AUTO_INCREMENT=3 DEFAULT CHARSET=utf8mb4 COMMENT='通知公告表';

/*Data for the table `sys_notice` */

insert  into `sys_notice`(`notice_id`,`notice_title`,`notice_type`,`notice_content`,`status`,`create_by`,`create_time`,`update_by`,`update_time`,`remark`) values (1,'温馨提醒：2018-07-01 若依新版本发布啦','2','新版本内容','0','admin','2023-06-15 10:20:25','',NULL,'管理员'),(2,'维护通知：2018-07-01 若依系统凌晨维护','1','维护内容','0','admin','2023-06-15 10:20:25','',NULL,'管理员');

/*Table structure for table `sys_oper_log` */

DROP TABLE IF EXISTS `sys_oper_log`;

CREATE TABLE `sys_oper_log` (
  `oper_id` bigint(20) NOT NULL AUTO_INCREMENT COMMENT '日志主键',
  `title` varchar(50) DEFAULT '' COMMENT '模块标题',
  `business_type` int(2) DEFAULT '0' COMMENT '业务类型（0其它 1新增 2修改 3删除）',
  `method` varchar(100) DEFAULT '' COMMENT '方法名称',
  `request_method` varchar(10) DEFAULT '' COMMENT '请求方式',
  `operator_type` int(1) DEFAULT '0' COMMENT '操作类别（0其它 1后台用户 2手机端用户）',
  `oper_name` varchar(50) DEFAULT '' COMMENT '操作人员',
  `dept_name` varchar(50) DEFAULT '' COMMENT '部门名称',
  `oper_url` varchar(255) DEFAULT '' COMMENT '请求URL',
  `oper_ip` varchar(128) DEFAULT '' COMMENT '主机地址',
  `oper_location` varchar(255) DEFAULT '' COMMENT '操作地点',
  `oper_param` varchar(2000) DEFAULT '' COMMENT '请求参数',
  `json_result` varchar(2000) DEFAULT '' COMMENT '返回参数',
  `status` int(1) DEFAULT '0' COMMENT '操作状态（0正常 1异常）',
  `error_msg` varchar(2000) DEFAULT '' COMMENT '错误消息',
  `oper_time` datetime DEFAULT NULL COMMENT '操作时间',
  PRIMARY KEY (`oper_id`)
) ENGINE=InnoDB AUTO_INCREMENT=214 DEFAULT CHARSET=utf8mb4 COMMENT='操作日志记录';

/*Data for the table `sys_oper_log` */

insert  into `sys_oper_log`(`oper_id`,`title`,`business_type`,`method`,`request_method`,`operator_type`,`oper_name`,`dept_name`,`oper_url`,`oper_ip`,`oper_location`,`oper_param`,`json_result`,`status`,`error_msg`,`oper_time`) values (100,'菜单管理',1,'com.ruoyi.web.controller.system.SysMenuController.add()','POST',1,'admin',NULL,'/system/menu','127.0.0.1','内网IP','{\"children\":[],\"createBy\":\"admin\",\"icon\":\"chart\",\"isCache\":\"0\",\"isFrame\":\"1\",\"menuName\":\"充电管理\",\"menuType\":\"M\",\"orderNum\":5,\"params\":{},\"parentId\":0,\"path\":\"charge\",\"status\":\"0\",\"visible\":\"0\"}','{\"msg\":\"操作成功\",\"code\":200}',0,NULL,'2023-06-15 10:31:42'),(101,'代码生成',6,'com.ruoyi.generator.controller.GenController.importTableSave()','POST',1,'admin',NULL,'/tool/gen/importTable','127.0.0.1','内网IP','\"charging_user_vehicle_bind,charging_bill_rule,charging_user_info,charging_vehicle,charging_operator_info,charging_admin,charging_station,charging_pile_info,charging_gun_info,charging_bill_prgress,charging_bill_succes,charging_bill_fail\"','{\"msg\":\"操作成功\",\"code\":200}',0,NULL,'2023-06-15 10:32:52'),(102,'代码生成',2,'com.ruoyi.generator.controller.GenController.editSave()','PUT',1,'admin',NULL,'/tool/gen','127.0.0.1','内网IP','{\"businessName\":\"admin\",\"className\":\"ChargingAdmin\",\"columns\":[{\"capJavaField\":\"Id\",\"columnComment\":\"编号\",\"columnId\":1,\"columnName\":\"id\",\"columnType\":\"int(11)\",\"createBy\":\"admin\",\"createTime\":\"2023-06-15 10:32:51\",\"dictType\":\"\",\"edit\":false,\"htmlType\":\"input\",\"increment\":true,\"insert\":true,\"isIncrement\":\"1\",\"isInsert\":\"1\",\"isPk\":\"1\",\"javaField\":\"id\",\"javaType\":\"Long\",\"list\":false,\"params\":{},\"pk\":true,\"query\":false,\"queryType\":\"EQ\",\"required\":false,\"sort\":1,\"superColumn\":false,\"tableId\":1,\"updateBy\":\"\",\"usableColumn\":false},{\"capJavaField\":\"Adminname\",\"columnComment\":\"管理员名称\",\"columnId\":2,\"columnName\":\"adminname\",\"columnType\":\"varchar(50)\",\"createBy\":\"admin\",\"createTime\":\"2023-06-15 10:32:51\",\"dictType\":\"\",\"edit\":true,\"htmlType\":\"input\",\"increment\":false,\"insert\":true,\"isEdit\":\"1\",\"isIncrement\":\"0\",\"isInsert\":\"1\",\"isList\":\"1\",\"isPk\":\"0\",\"isQuery\":\"1\",\"javaField\":\"adminname\",\"javaType\":\"String\",\"list\":true,\"params\":{},\"pk\":false,\"query\":true,\"queryType\":\"LIKE\",\"required\":false,\"sort\":2,\"superColumn\":false,\"tableId\":1,\"updateBy\":\"\",\"usableColumn\":false},{\"capJavaField\":\"Password\",\"columnComment\":\"管理员密码\",\"columnId\":3,\"columnName\":\"password\",\"columnType\":\"varchar(50)\",\"createBy\":\"admin\",\"createTime\":\"2023-06-15 10:32:51\",\"dictType\":\"\",\"edit\":true,\"htmlType\":\"input\",\"increment\":false,\"insert\":true,\"isEdit\":\"1\",\"isIncrement\":\"0\",\"isInsert\":\"1\",\"isList\":\"1\",\"isPk\":\"0\",\"isQuery\":\"1\",\"javaField\":\"password\",\"javaType\":\"String\",\"list\":true,\"params\":{},\"pk\":false,\"query\":true,\"queryType\":\"EQ\",\"required\":false,\"sort\":3,\"superColumn\":false,\"tableId\":1,\"updateBy\":\"\",\"usableColumn\":false},{\"capJavaField\":\"CreateTime\",\"columnComment\":\"创建时间\",\"columnId\":4,\"columnName\":\"create_time\",\"columnType\":\"timestamp\",\"createBy\":\"admin\",\"createTime\":\"2023-06-15 10:32:51\",\"dictType\":\"\",\"edit\":false,\"htmlType\":\"datetime\",\"increment\":false,\"insert\":true,\"isIncrement\":\"0\",\"isInsert\":\"1\",\"isPk\":\"0\",\"javaField\":\"createTime\",\"javaType\":\"Date\",\"list\":false,\"params\":{},\"pk\":false,\"query\":false,\"queryType\":\"','{\"msg\":\"操作成功\",\"code\":200}',0,NULL,'2023-06-15 10:35:57'),(103,'代码生成',2,'com.ruoyi.generator.controller.GenController.editSave()','PUT',1,'admin',NULL,'/tool/gen','127.0.0.1','内网IP','{\"businessName\":\"fail\",\"className\":\"ChargingBillFail\",\"columns\":[{\"capJavaField\":\"Id\",\"columnComment\":\"编号\",\"columnId\":7,\"columnName\":\"id\",\"columnType\":\"int(10)\",\"createBy\":\"admin\",\"createTime\":\"2023-06-15 10:32:52\",\"dictType\":\"\",\"edit\":false,\"htmlType\":\"input\",\"increment\":true,\"insert\":true,\"isIncrement\":\"1\",\"isInsert\":\"1\",\"isPk\":\"1\",\"javaField\":\"id\",\"javaType\":\"Integer\",\"list\":false,\"params\":{},\"pk\":true,\"query\":false,\"queryType\":\"EQ\",\"required\":false,\"sort\":1,\"superColumn\":false,\"tableId\":2,\"updateBy\":\"\",\"usableColumn\":false},{\"capJavaField\":\"BillNumber\",\"columnComment\":\"订单号\",\"columnId\":8,\"columnName\":\"bill_number\",\"columnType\":\"varchar(50)\",\"createBy\":\"admin\",\"createTime\":\"2023-06-15 10:32:52\",\"dictType\":\"\",\"edit\":true,\"htmlType\":\"input\",\"increment\":false,\"insert\":true,\"isEdit\":\"1\",\"isIncrement\":\"0\",\"isInsert\":\"1\",\"isList\":\"1\",\"isPk\":\"0\",\"isQuery\":\"1\",\"isRequired\":\"1\",\"javaField\":\"billNumber\",\"javaType\":\"String\",\"list\":true,\"params\":{},\"pk\":false,\"query\":true,\"queryType\":\"EQ\",\"required\":true,\"sort\":2,\"superColumn\":false,\"tableId\":2,\"updateBy\":\"\",\"usableColumn\":false},{\"capJavaField\":\"UserId\",\"columnComment\":\"用户ID\",\"columnId\":9,\"columnName\":\"user_id\",\"columnType\":\"int(10)\",\"createBy\":\"admin\",\"createTime\":\"2023-06-15 10:32:52\",\"dictType\":\"\",\"edit\":true,\"htmlType\":\"input\",\"increment\":false,\"insert\":true,\"isEdit\":\"1\",\"isIncrement\":\"0\",\"isInsert\":\"1\",\"isList\":\"1\",\"isPk\":\"0\",\"isQuery\":\"1\",\"javaField\":\"userId\",\"javaType\":\"Integer\",\"list\":true,\"params\":{},\"pk\":false,\"query\":true,\"queryType\":\"EQ\",\"required\":false,\"sort\":3,\"superColumn\":false,\"tableId\":2,\"updateBy\":\"\",\"usableColumn\":false},{\"capJavaField\":\"OperatorId\",\"columnComment\":\"运营商ID\",\"columnId\":10,\"columnName\":\"operator_id\",\"columnType\":\"int(10)\",\"createBy\":\"admin\",\"createTime\":\"2023-06-15 10:32:52\",\"dictType\":\"\",\"edit\":true,\"htmlType\":\"input\",\"increment\":false,\"insert\":true,\"isEdit\":\"1\",\"isIncrement\":\"0\",\"isInsert\":\"1\",\"isList\":\"1\",\"isPk\":\"0\",\"isQuery\":\"1\",\"javaField\":\"operatorId\",\"javaType\":\"Integer\",\"list\":true,','{\"msg\":\"操作成功\",\"code\":200}',0,NULL,'2023-06-15 10:36:55'),(104,'代码生成',2,'com.ruoyi.generator.controller.GenController.editSave()','PUT',1,'admin',NULL,'/tool/gen','127.0.0.1','内网IP','{\"businessName\":\"prgress\",\"className\":\"ChargingBillPrgress\",\"columns\":[{\"capJavaField\":\"Id\",\"columnComment\":\"编号\",\"columnId\":16,\"columnName\":\"id\",\"columnType\":\"int(10)\",\"createBy\":\"admin\",\"createTime\":\"2023-06-15 10:32:52\",\"dictType\":\"\",\"edit\":false,\"htmlType\":\"input\",\"increment\":true,\"insert\":true,\"isIncrement\":\"1\",\"isInsert\":\"1\",\"isPk\":\"1\",\"javaField\":\"id\",\"javaType\":\"Integer\",\"list\":false,\"params\":{},\"pk\":true,\"query\":false,\"queryType\":\"EQ\",\"required\":false,\"sort\":1,\"superColumn\":false,\"tableId\":3,\"updateBy\":\"\",\"usableColumn\":false},{\"capJavaField\":\"BillNumber\",\"columnComment\":\"订单号\",\"columnId\":17,\"columnName\":\"bill_number\",\"columnType\":\"varchar(10)\",\"createBy\":\"admin\",\"createTime\":\"2023-06-15 10:32:52\",\"dictType\":\"\",\"edit\":false,\"htmlType\":\"input\",\"increment\":false,\"insert\":true,\"isIncrement\":\"0\",\"isInsert\":\"1\",\"isPk\":\"1\",\"javaField\":\"billNumber\",\"javaType\":\"String\",\"list\":false,\"params\":{},\"pk\":true,\"query\":false,\"queryType\":\"EQ\",\"required\":false,\"sort\":2,\"superColumn\":false,\"tableId\":3,\"updateBy\":\"\",\"usableColumn\":false},{\"capJavaField\":\"ChargingCapacity\",\"columnComment\":\"充电量（kwh）\",\"columnId\":18,\"columnName\":\"charging_capacity\",\"columnType\":\"int(3)\",\"createBy\":\"admin\",\"createTime\":\"2023-06-15 10:32:52\",\"dictType\":\"\",\"edit\":true,\"htmlType\":\"input\",\"increment\":false,\"insert\":true,\"isEdit\":\"1\",\"isIncrement\":\"0\",\"isInsert\":\"1\",\"isList\":\"1\",\"isPk\":\"0\",\"isQuery\":\"1\",\"javaField\":\"chargingCapacity\",\"javaType\":\"Integer\",\"list\":true,\"params\":{},\"pk\":false,\"query\":true,\"queryType\":\"EQ\",\"required\":false,\"sort\":3,\"superColumn\":false,\"tableId\":3,\"updateBy\":\"\",\"usableColumn\":false},{\"capJavaField\":\"BatteryTemperature\",\"columnComment\":\"电池温度\",\"columnId\":19,\"columnName\":\"battery_temperature\",\"columnType\":\"decimal(9,4)\",\"createBy\":\"admin\",\"createTime\":\"2023-06-15 10:32:52\",\"dictType\":\"\",\"edit\":true,\"htmlType\":\"input\",\"increment\":false,\"insert\":true,\"isEdit\":\"1\",\"isIncrement\":\"0\",\"isInsert\":\"1\",\"isList\":\"1\",\"isPk\":\"0\",\"isQuery\":\"1\",\"javaField\":\"batteryTemperature\",\"javaType\":\"BigDe','{\"msg\":\"操作成功\",\"code\":200}',0,NULL,'2023-06-15 10:44:14'),(105,'代码生成',2,'com.ruoyi.generator.controller.GenController.editSave()','PUT',1,'admin',NULL,'/tool/gen','127.0.0.1','内网IP','{\"businessName\":\"rule\",\"className\":\"ChargingBillRule\",\"columns\":[{\"capJavaField\":\"Id\",\"columnComment\":\"编号\",\"columnId\":24,\"columnName\":\"id\",\"columnType\":\"int(11)\",\"createBy\":\"admin\",\"createTime\":\"2023-06-15 10:32:52\",\"dictType\":\"\",\"edit\":false,\"htmlType\":\"input\",\"increment\":true,\"insert\":true,\"isIncrement\":\"1\",\"isInsert\":\"1\",\"isPk\":\"1\",\"javaField\":\"id\",\"javaType\":\"Long\",\"list\":false,\"params\":{},\"pk\":true,\"query\":false,\"queryType\":\"EQ\",\"required\":false,\"sort\":1,\"superColumn\":false,\"tableId\":4,\"updateBy\":\"\",\"usableColumn\":false},{\"capJavaField\":\"StationId\",\"columnComment\":\"充电站编号\",\"columnId\":25,\"columnName\":\"station_id\",\"columnType\":\"int(11)\",\"createBy\":\"admin\",\"createTime\":\"2023-06-15 10:32:52\",\"dictType\":\"\",\"edit\":true,\"htmlType\":\"input\",\"increment\":false,\"insert\":true,\"isEdit\":\"1\",\"isIncrement\":\"0\",\"isInsert\":\"1\",\"isList\":\"1\",\"isPk\":\"0\",\"isQuery\":\"1\",\"javaField\":\"stationId\",\"javaType\":\"Long\",\"list\":true,\"params\":{},\"pk\":false,\"query\":true,\"queryType\":\"EQ\",\"required\":false,\"sort\":2,\"superColumn\":false,\"tableId\":4,\"updateBy\":\"\",\"usableColumn\":false},{\"capJavaField\":\"StartTime\",\"columnComment\":\"起始时间\",\"columnId\":26,\"columnName\":\"start_time\",\"columnType\":\"datetime\",\"createBy\":\"admin\",\"createTime\":\"2023-06-15 10:32:52\",\"dictType\":\"\",\"edit\":true,\"htmlType\":\"datetime\",\"increment\":false,\"insert\":true,\"isEdit\":\"1\",\"isIncrement\":\"0\",\"isInsert\":\"1\",\"isList\":\"1\",\"isPk\":\"0\",\"isQuery\":\"1\",\"javaField\":\"startTime\",\"javaType\":\"Date\",\"list\":true,\"params\":{},\"pk\":false,\"query\":true,\"queryType\":\"EQ\",\"required\":false,\"sort\":3,\"superColumn\":false,\"tableId\":4,\"updateBy\":\"\",\"usableColumn\":false},{\"capJavaField\":\"EndTime\",\"columnComment\":\"结束时间\",\"columnId\":27,\"columnName\":\"end_time\",\"columnType\":\"datetime\",\"createBy\":\"admin\",\"createTime\":\"2023-06-15 10:32:52\",\"dictType\":\"\",\"edit\":true,\"htmlType\":\"datetime\",\"increment\":false,\"insert\":true,\"isEdit\":\"1\",\"isIncrement\":\"0\",\"isInsert\":\"1\",\"isList\":\"1\",\"isPk\":\"0\",\"isQuery\":\"1\",\"javaField\":\"endTime\",\"javaType\":\"Date\",\"list\":true,\"params\":{},\"pk\":false','{\"msg\":\"操作成功\",\"code\":200}',0,NULL,'2023-06-15 10:46:04'),(106,'代码生成',2,'com.ruoyi.generator.controller.GenController.editSave()','PUT',1,'admin',NULL,'/tool/gen','127.0.0.1','内网IP','{\"businessName\":\"prgress\",\"className\":\"ChargingBillPrgress\",\"columns\":[{\"capJavaField\":\"Id\",\"columnComment\":\"编号\",\"columnId\":16,\"columnName\":\"id\",\"columnType\":\"int(10)\",\"createBy\":\"admin\",\"createTime\":\"2023-06-15 10:32:52\",\"dictType\":\"\",\"edit\":false,\"htmlType\":\"input\",\"increment\":true,\"insert\":true,\"isIncrement\":\"1\",\"isInsert\":\"1\",\"isPk\":\"1\",\"javaField\":\"id\",\"javaType\":\"Integer\",\"list\":false,\"params\":{},\"pk\":true,\"query\":false,\"queryType\":\"EQ\",\"required\":false,\"sort\":1,\"superColumn\":false,\"tableId\":3,\"updateBy\":\"\",\"updateTime\":\"2023-06-15 10:44:14\",\"usableColumn\":false},{\"capJavaField\":\"BillNumber\",\"columnComment\":\"订单号\",\"columnId\":17,\"columnName\":\"bill_number\",\"columnType\":\"varchar(10)\",\"createBy\":\"admin\",\"createTime\":\"2023-06-15 10:32:52\",\"dictType\":\"\",\"edit\":false,\"htmlType\":\"input\",\"increment\":false,\"insert\":true,\"isIncrement\":\"0\",\"isInsert\":\"1\",\"isPk\":\"1\",\"javaField\":\"billNumber\",\"javaType\":\"String\",\"list\":false,\"params\":{},\"pk\":true,\"query\":false,\"queryType\":\"EQ\",\"required\":false,\"sort\":2,\"superColumn\":false,\"tableId\":3,\"updateBy\":\"\",\"updateTime\":\"2023-06-15 10:44:14\",\"usableColumn\":false},{\"capJavaField\":\"ChargingCapacity\",\"columnComment\":\"充电量（kwh）\",\"columnId\":18,\"columnName\":\"charging_capacity\",\"columnType\":\"int(3)\",\"createBy\":\"admin\",\"createTime\":\"2023-06-15 10:32:52\",\"dictType\":\"\",\"edit\":true,\"htmlType\":\"input\",\"increment\":false,\"insert\":true,\"isEdit\":\"1\",\"isIncrement\":\"0\",\"isInsert\":\"1\",\"isList\":\"1\",\"isPk\":\"0\",\"isQuery\":\"1\",\"javaField\":\"chargingCapacity\",\"javaType\":\"Integer\",\"list\":true,\"params\":{},\"pk\":false,\"query\":true,\"queryType\":\"EQ\",\"required\":false,\"sort\":3,\"superColumn\":false,\"tableId\":3,\"updateBy\":\"\",\"updateTime\":\"2023-06-15 10:44:14\",\"usableColumn\":false},{\"capJavaField\":\"BatteryTemperature\",\"columnComment\":\"电池温度\",\"columnId\":19,\"columnName\":\"battery_temperature\",\"columnType\":\"decimal(9,4)\",\"createBy\":\"admin\",\"createTime\":\"2023-06-15 10:32:52\",\"dictType\":\"\",\"edit\":true,\"htmlType\":\"input\",\"increment\":false,\"insert\":true,\"isEdit\":\"1\",\"isIncrement\":\"0','{\"msg\":\"操作成功\",\"code\":200}',0,NULL,'2023-06-15 10:46:19'),(107,'代码生成',2,'com.ruoyi.generator.controller.GenController.editSave()','PUT',1,'admin',NULL,'/tool/gen','127.0.0.1','内网IP','{\"businessName\":\"fail\",\"className\":\"ChargingBillFail\",\"columns\":[{\"capJavaField\":\"Id\",\"columnComment\":\"编号\",\"columnId\":7,\"columnName\":\"id\",\"columnType\":\"int(10)\",\"createBy\":\"admin\",\"createTime\":\"2023-06-15 10:32:52\",\"dictType\":\"\",\"edit\":false,\"htmlType\":\"input\",\"increment\":true,\"insert\":true,\"isIncrement\":\"1\",\"isInsert\":\"1\",\"isPk\":\"1\",\"javaField\":\"id\",\"javaType\":\"Integer\",\"list\":false,\"params\":{},\"pk\":true,\"query\":false,\"queryType\":\"EQ\",\"required\":false,\"sort\":1,\"superColumn\":false,\"tableId\":2,\"updateBy\":\"\",\"updateTime\":\"2023-06-15 10:36:55\",\"usableColumn\":false},{\"capJavaField\":\"BillNumber\",\"columnComment\":\"订单号\",\"columnId\":8,\"columnName\":\"bill_number\",\"columnType\":\"varchar(50)\",\"createBy\":\"admin\",\"createTime\":\"2023-06-15 10:32:52\",\"dictType\":\"\",\"edit\":true,\"htmlType\":\"input\",\"increment\":false,\"insert\":true,\"isEdit\":\"1\",\"isIncrement\":\"0\",\"isInsert\":\"1\",\"isList\":\"1\",\"isPk\":\"0\",\"isQuery\":\"1\",\"isRequired\":\"1\",\"javaField\":\"billNumber\",\"javaType\":\"String\",\"list\":true,\"params\":{},\"pk\":false,\"query\":true,\"queryType\":\"EQ\",\"required\":true,\"sort\":2,\"superColumn\":false,\"tableId\":2,\"updateBy\":\"\",\"updateTime\":\"2023-06-15 10:36:55\",\"usableColumn\":false},{\"capJavaField\":\"UserId\",\"columnComment\":\"用户ID\",\"columnId\":9,\"columnName\":\"user_id\",\"columnType\":\"int(10)\",\"createBy\":\"admin\",\"createTime\":\"2023-06-15 10:32:52\",\"dictType\":\"\",\"edit\":true,\"htmlType\":\"input\",\"increment\":false,\"insert\":true,\"isEdit\":\"1\",\"isIncrement\":\"0\",\"isInsert\":\"1\",\"isList\":\"1\",\"isPk\":\"0\",\"isQuery\":\"1\",\"javaField\":\"userId\",\"javaType\":\"Integer\",\"list\":true,\"params\":{},\"pk\":false,\"query\":true,\"queryType\":\"EQ\",\"required\":false,\"sort\":3,\"superColumn\":false,\"tableId\":2,\"updateBy\":\"\",\"updateTime\":\"2023-06-15 10:36:55\",\"usableColumn\":false},{\"capJavaField\":\"OperatorId\",\"columnComment\":\"运营商ID\",\"columnId\":10,\"columnName\":\"operator_id\",\"columnType\":\"int(10)\",\"createBy\":\"admin\",\"createTime\":\"2023-06-15 10:32:52\",\"dictType\":\"\",\"edit\":true,\"htmlType\":\"input\",\"increment\":false,\"insert\":true,\"isEdit\":\"1\",\"isIncrement\":\"0\",\"isIns','{\"msg\":\"操作成功\",\"code\":200}',0,NULL,'2023-06-15 10:46:29'),(108,'代码生成',2,'com.ruoyi.generator.controller.GenController.editSave()','PUT',1,'admin',NULL,'/tool/gen','127.0.0.1','内网IP','{\"businessName\":\"admin\",\"className\":\"ChargingAdmin\",\"columns\":[{\"capJavaField\":\"Id\",\"columnComment\":\"编号\",\"columnId\":1,\"columnName\":\"id\",\"columnType\":\"int(11)\",\"createBy\":\"admin\",\"createTime\":\"2023-06-15 10:32:51\",\"dictType\":\"\",\"edit\":false,\"htmlType\":\"input\",\"increment\":true,\"insert\":true,\"isIncrement\":\"1\",\"isInsert\":\"1\",\"isPk\":\"1\",\"javaField\":\"id\",\"javaType\":\"Long\",\"list\":false,\"params\":{},\"pk\":true,\"query\":false,\"queryType\":\"EQ\",\"required\":false,\"sort\":1,\"superColumn\":false,\"tableId\":1,\"updateBy\":\"\",\"updateTime\":\"2023-06-15 10:35:57\",\"usableColumn\":false},{\"capJavaField\":\"Adminname\",\"columnComment\":\"管理员名称\",\"columnId\":2,\"columnName\":\"adminname\",\"columnType\":\"varchar(50)\",\"createBy\":\"admin\",\"createTime\":\"2023-06-15 10:32:51\",\"dictType\":\"\",\"edit\":true,\"htmlType\":\"input\",\"increment\":false,\"insert\":true,\"isEdit\":\"1\",\"isIncrement\":\"0\",\"isInsert\":\"1\",\"isList\":\"1\",\"isPk\":\"0\",\"isQuery\":\"1\",\"javaField\":\"adminname\",\"javaType\":\"String\",\"list\":true,\"params\":{},\"pk\":false,\"query\":true,\"queryType\":\"LIKE\",\"required\":false,\"sort\":2,\"superColumn\":false,\"tableId\":1,\"updateBy\":\"\",\"updateTime\":\"2023-06-15 10:35:57\",\"usableColumn\":false},{\"capJavaField\":\"Password\",\"columnComment\":\"管理员密码\",\"columnId\":3,\"columnName\":\"password\",\"columnType\":\"varchar(50)\",\"createBy\":\"admin\",\"createTime\":\"2023-06-15 10:32:51\",\"dictType\":\"\",\"edit\":true,\"htmlType\":\"input\",\"increment\":false,\"insert\":true,\"isEdit\":\"1\",\"isIncrement\":\"0\",\"isInsert\":\"1\",\"isList\":\"1\",\"isPk\":\"0\",\"isQuery\":\"1\",\"javaField\":\"password\",\"javaType\":\"String\",\"list\":true,\"params\":{},\"pk\":false,\"query\":true,\"queryType\":\"EQ\",\"required\":false,\"sort\":3,\"superColumn\":false,\"tableId\":1,\"updateBy\":\"\",\"updateTime\":\"2023-06-15 10:35:57\",\"usableColumn\":false},{\"capJavaField\":\"CreateTime\",\"columnComment\":\"创建时间\",\"columnId\":4,\"columnName\":\"create_time\",\"columnType\":\"timestamp\",\"createBy\":\"admin\",\"createTime\":\"2023-06-15 10:32:51\",\"dictType\":\"\",\"edit\":false,\"htmlType\":\"datetime\",\"increment\":false,\"insert\":true,\"isIncrement\":\"0\",\"isInsert\":\"1\",\"isPk\":\"0\",\"','{\"msg\":\"操作成功\",\"code\":200}',0,NULL,'2023-06-15 10:46:41'),(109,'代码生成',2,'com.ruoyi.generator.controller.GenController.editSave()','PUT',1,'admin',NULL,'/tool/gen','127.0.0.1','内网IP','{\"businessName\":\"succes\",\"className\":\"ChargingBillSucces\",\"columns\":[{\"capJavaField\":\"Id\",\"columnComment\":\"编号\",\"columnId\":29,\"columnName\":\"id\",\"columnType\":\"int(10)\",\"createBy\":\"admin\",\"createTime\":\"2023-06-15 10:32:52\",\"dictType\":\"\",\"edit\":false,\"htmlType\":\"input\",\"increment\":true,\"insert\":true,\"isIncrement\":\"1\",\"isInsert\":\"1\",\"isPk\":\"1\",\"javaField\":\"id\",\"javaType\":\"Integer\",\"list\":false,\"params\":{},\"pk\":true,\"query\":false,\"queryType\":\"EQ\",\"required\":false,\"sort\":1,\"superColumn\":false,\"tableId\":5,\"updateBy\":\"\",\"usableColumn\":false},{\"capJavaField\":\"BillNumber\",\"columnComment\":\"订单号\",\"columnId\":30,\"columnName\":\"bill_number\",\"columnType\":\"varchar(10)\",\"createBy\":\"admin\",\"createTime\":\"2023-06-15 10:32:52\",\"dictType\":\"\",\"edit\":false,\"htmlType\":\"input\",\"increment\":false,\"insert\":true,\"isIncrement\":\"0\",\"isInsert\":\"1\",\"isPk\":\"1\",\"javaField\":\"billNumber\",\"javaType\":\"String\",\"list\":false,\"params\":{},\"pk\":true,\"query\":false,\"queryType\":\"EQ\",\"required\":false,\"sort\":2,\"superColumn\":false,\"tableId\":5,\"updateBy\":\"\",\"usableColumn\":false},{\"capJavaField\":\"ChargingCapacity\",\"columnComment\":\"充电量（kwh）\",\"columnId\":31,\"columnName\":\"charging_capacity\",\"columnType\":\"int(3)\",\"createBy\":\"admin\",\"createTime\":\"2023-06-15 10:32:52\",\"dictType\":\"\",\"edit\":true,\"htmlType\":\"input\",\"increment\":false,\"insert\":true,\"isEdit\":\"1\",\"isIncrement\":\"0\",\"isInsert\":\"1\",\"isList\":\"1\",\"isPk\":\"0\",\"isQuery\":\"1\",\"javaField\":\"chargingCapacity\",\"javaType\":\"Integer\",\"list\":true,\"params\":{},\"pk\":false,\"query\":true,\"queryType\":\"EQ\",\"required\":false,\"sort\":3,\"superColumn\":false,\"tableId\":5,\"updateBy\":\"\",\"usableColumn\":false},{\"capJavaField\":\"ElectricMoney\",\"columnComment\":\"电费\",\"columnId\":32,\"columnName\":\"electric_money\",\"columnType\":\"decimal(8,3)\",\"createBy\":\"admin\",\"createTime\":\"2023-06-15 10:32:52\",\"dictType\":\"\",\"edit\":true,\"htmlType\":\"input\",\"increment\":false,\"insert\":true,\"isEdit\":\"1\",\"isIncrement\":\"0\",\"isInsert\":\"1\",\"isList\":\"1\",\"isPk\":\"0\",\"isQuery\":\"1\",\"javaField\":\"electricMoney\",\"javaType\":\"BigDecimal\",\"list\":true,','{\"msg\":\"操作成功\",\"code\":200}',0,NULL,'2023-06-15 10:49:06'),(110,'代码生成',2,'com.ruoyi.generator.controller.GenController.editSave()','PUT',1,'admin',NULL,'/tool/gen','127.0.0.1','内网IP','{\"businessName\":\"info\",\"className\":\"ChargingGunInfo\",\"columns\":[{\"capJavaField\":\"Id\",\"columnComment\":\"编号\",\"columnId\":48,\"columnName\":\"id\",\"columnType\":\"int(11)\",\"createBy\":\"admin\",\"createTime\":\"2023-06-15 10:32:52\",\"dictType\":\"\",\"edit\":false,\"htmlType\":\"input\",\"increment\":true,\"insert\":true,\"isIncrement\":\"1\",\"isInsert\":\"1\",\"isPk\":\"1\",\"javaField\":\"id\",\"javaType\":\"Long\",\"list\":false,\"params\":{},\"pk\":true,\"query\":false,\"queryType\":\"EQ\",\"required\":false,\"sort\":1,\"superColumn\":false,\"tableId\":6,\"updateBy\":\"\",\"usableColumn\":false},{\"capJavaField\":\"GunNumber\",\"columnComment\":\"枪编号\",\"columnId\":49,\"columnName\":\"gun_number\",\"columnType\":\"char(1)\",\"createBy\":\"admin\",\"createTime\":\"2023-06-15 10:32:52\",\"dictType\":\"\",\"edit\":true,\"htmlType\":\"input\",\"increment\":false,\"insert\":true,\"isEdit\":\"1\",\"isIncrement\":\"0\",\"isInsert\":\"1\",\"isList\":\"1\",\"isPk\":\"0\",\"isQuery\":\"1\",\"isRequired\":\"1\",\"javaField\":\"gunNumber\",\"javaType\":\"String\",\"list\":true,\"params\":{},\"pk\":false,\"query\":true,\"queryType\":\"EQ\",\"required\":true,\"sort\":2,\"superColumn\":false,\"tableId\":6,\"updateBy\":\"\",\"usableColumn\":false},{\"capJavaField\":\"GunName\",\"columnComment\":\"枪名称\",\"columnId\":50,\"columnName\":\"gun_name\",\"columnType\":\"varchar(10)\",\"createBy\":\"admin\",\"createTime\":\"2023-06-15 10:32:52\",\"dictType\":\"\",\"edit\":true,\"htmlType\":\"input\",\"increment\":false,\"insert\":true,\"isEdit\":\"1\",\"isIncrement\":\"0\",\"isInsert\":\"1\",\"isList\":\"1\",\"isPk\":\"0\",\"isQuery\":\"1\",\"javaField\":\"gunName\",\"javaType\":\"String\",\"list\":true,\"params\":{},\"pk\":false,\"query\":true,\"queryType\":\"LIKE\",\"required\":false,\"sort\":3,\"superColumn\":false,\"tableId\":6,\"updateBy\":\"\",\"usableColumn\":false},{\"capJavaField\":\"Power\",\"columnComment\":\"额定功率 KW\",\"columnId\":51,\"columnName\":\"power\",\"columnType\":\"decimal(9,4)\",\"createBy\":\"admin\",\"createTime\":\"2023-06-15 10:32:52\",\"dictType\":\"\",\"edit\":true,\"htmlType\":\"input\",\"increment\":false,\"insert\":true,\"isEdit\":\"1\",\"isIncrement\":\"0\",\"isInsert\":\"1\",\"isList\":\"1\",\"isPk\":\"0\",\"isQuery\":\"1\",\"javaField\":\"power\",\"javaType\":\"BigDecimal\",\"list\":true,\"params','{\"msg\":\"操作成功\",\"code\":200}',0,NULL,'2023-06-15 10:50:03'),(111,'代码生成',2,'com.ruoyi.generator.controller.GenController.editSave()','PUT',1,'admin',NULL,'/tool/gen','127.0.0.1','内网IP','{\"businessName\":\"operatorInfo\",\"className\":\"ChargingOperatorInfo\",\"columns\":[{\"capJavaField\":\"Id\",\"columnComment\":\"编号\",\"columnId\":61,\"columnName\":\"id\",\"columnType\":\"int(10)\",\"createBy\":\"admin\",\"createTime\":\"2023-06-15 10:32:52\",\"dictType\":\"\",\"edit\":false,\"htmlType\":\"input\",\"increment\":true,\"insert\":true,\"isIncrement\":\"1\",\"isInsert\":\"1\",\"isPk\":\"1\",\"javaField\":\"id\",\"javaType\":\"Integer\",\"list\":false,\"params\":{},\"pk\":true,\"query\":false,\"queryType\":\"EQ\",\"required\":false,\"sort\":1,\"superColumn\":false,\"tableId\":7,\"updateBy\":\"\",\"usableColumn\":false},{\"capJavaField\":\"OperatorNumber\",\"columnComment\":\"运营商编号\",\"columnId\":62,\"columnName\":\"operator_number\",\"columnType\":\"varchar(10)\",\"createBy\":\"admin\",\"createTime\":\"2023-06-15 10:32:52\",\"dictType\":\"\",\"edit\":true,\"htmlType\":\"input\",\"increment\":false,\"insert\":true,\"isEdit\":\"1\",\"isIncrement\":\"0\",\"isInsert\":\"1\",\"isList\":\"1\",\"isPk\":\"0\",\"isQuery\":\"1\",\"isRequired\":\"1\",\"javaField\":\"operatorNumber\",\"javaType\":\"String\",\"list\":true,\"params\":{},\"pk\":false,\"query\":true,\"queryType\":\"EQ\",\"required\":true,\"sort\":2,\"superColumn\":false,\"tableId\":7,\"updateBy\":\"\",\"usableColumn\":false},{\"capJavaField\":\"OperatorName\",\"columnComment\":\"运营商名称\",\"columnId\":63,\"columnName\":\"operator_name\",\"columnType\":\"varchar(50)\",\"createBy\":\"admin\",\"createTime\":\"2023-06-15 10:32:52\",\"dictType\":\"\",\"edit\":true,\"htmlType\":\"input\",\"increment\":false,\"insert\":true,\"isEdit\":\"1\",\"isIncrement\":\"0\",\"isInsert\":\"1\",\"isList\":\"1\",\"isPk\":\"0\",\"isQuery\":\"1\",\"javaField\":\"operatorName\",\"javaType\":\"String\",\"list\":true,\"params\":{},\"pk\":false,\"query\":true,\"queryType\":\"LIKE\",\"required\":false,\"sort\":3,\"superColumn\":false,\"tableId\":7,\"updateBy\":\"\",\"usableColumn\":false},{\"capJavaField\":\"Business\",\"columnComment\":\"经营业务\",\"columnId\":64,\"columnName\":\"business\",\"columnType\":\"varchar(50)\",\"createBy\":\"admin\",\"createTime\":\"2023-06-15 10:32:52\",\"dictType\":\"\",\"edit\":true,\"htmlType\":\"input\",\"increment\":false,\"insert\":true,\"isEdit\":\"1\",\"isIncrement\":\"0\",\"isInsert\":\"1\",\"isList\":\"1\",\"isPk\":\"0\",\"isQuery\":\"1\",\"javaFi','{\"msg\":\"操作成功\",\"code\":200}',0,NULL,'2023-06-15 10:51:23'),(112,'代码生成',2,'com.ruoyi.generator.controller.GenController.editSave()','PUT',1,'admin',NULL,'/tool/gen','127.0.0.1','内网IP','{\"businessName\":\"pileInfo\",\"className\":\"ChargingPileInfo\",\"columns\":[{\"capJavaField\":\"Id\",\"columnComment\":\"编号\",\"columnId\":73,\"columnName\":\"id\",\"columnType\":\"int(10)\",\"createBy\":\"admin\",\"createTime\":\"2023-06-15 10:32:52\",\"dictType\":\"\",\"edit\":false,\"htmlType\":\"input\",\"increment\":true,\"insert\":true,\"isIncrement\":\"1\",\"isInsert\":\"1\",\"isPk\":\"1\",\"javaField\":\"id\",\"javaType\":\"Integer\",\"list\":false,\"params\":{},\"pk\":true,\"query\":false,\"queryType\":\"EQ\",\"required\":false,\"sort\":1,\"superColumn\":false,\"tableId\":8,\"updateBy\":\"\",\"usableColumn\":false},{\"capJavaField\":\"PileNumber\",\"columnComment\":\"桩编号\",\"columnId\":74,\"columnName\":\"pile_number\",\"columnType\":\"char(10)\",\"createBy\":\"admin\",\"createTime\":\"2023-06-15 10:32:52\",\"dictType\":\"\",\"edit\":true,\"htmlType\":\"input\",\"increment\":false,\"insert\":true,\"isEdit\":\"1\",\"isIncrement\":\"0\",\"isInsert\":\"1\",\"isList\":\"1\",\"isPk\":\"0\",\"isQuery\":\"1\",\"isRequired\":\"1\",\"javaField\":\"pileNumber\",\"javaType\":\"String\",\"list\":true,\"params\":{},\"pk\":false,\"query\":true,\"queryType\":\"EQ\",\"required\":true,\"sort\":2,\"superColumn\":false,\"tableId\":8,\"updateBy\":\"\",\"usableColumn\":false},{\"capJavaField\":\"PileName\",\"columnComment\":\"桩名称\",\"columnId\":75,\"columnName\":\"pile_name\",\"columnType\":\"varchar(10)\",\"createBy\":\"admin\",\"createTime\":\"2023-06-15 10:32:52\",\"dictType\":\"\",\"edit\":true,\"htmlType\":\"input\",\"increment\":false,\"insert\":true,\"isEdit\":\"1\",\"isIncrement\":\"0\",\"isInsert\":\"1\",\"isList\":\"1\",\"isPk\":\"0\",\"isQuery\":\"1\",\"javaField\":\"pileName\",\"javaType\":\"String\",\"list\":true,\"params\":{},\"pk\":false,\"query\":true,\"queryType\":\"LIKE\",\"required\":false,\"sort\":3,\"superColumn\":false,\"tableId\":8,\"updateBy\":\"\",\"usableColumn\":false},{\"capJavaField\":\"GunInfos\",\"columnComment\":\"枪编号[]\",\"columnId\":76,\"columnName\":\"gun_infos\",\"columnType\":\"varchar(10)\",\"createBy\":\"admin\",\"createTime\":\"2023-06-15 10:32:52\",\"dictType\":\"\",\"edit\":true,\"htmlType\":\"input\",\"increment\":false,\"insert\":true,\"isEdit\":\"1\",\"isIncrement\":\"0\",\"isInsert\":\"1\",\"isList\":\"1\",\"isPk\":\"0\",\"isQuery\":\"1\",\"javaField\":\"gunInfos\",\"javaType\":\"String\",\"','{\"msg\":\"操作成功\",\"code\":200}',0,NULL,'2023-06-15 10:52:22'),(113,'代码生成',2,'com.ruoyi.generator.controller.GenController.editSave()','PUT',1,'admin',NULL,'/tool/gen','127.0.0.1','内网IP','{\"businessName\":\"station\",\"className\":\"ChargingStation\",\"columns\":[{\"capJavaField\":\"Id\",\"columnComment\":\"主ID\",\"columnId\":88,\"columnName\":\"id\",\"columnType\":\"int(10)\",\"createBy\":\"admin\",\"createTime\":\"2023-06-15 10:32:52\",\"dictType\":\"\",\"edit\":false,\"htmlType\":\"input\",\"increment\":true,\"insert\":true,\"isIncrement\":\"1\",\"isInsert\":\"1\",\"isPk\":\"1\",\"javaField\":\"id\",\"javaType\":\"Integer\",\"list\":false,\"params\":{},\"pk\":true,\"query\":false,\"queryType\":\"EQ\",\"required\":false,\"sort\":1,\"superColumn\":false,\"tableId\":9,\"updateBy\":\"\",\"usableColumn\":false},{\"capJavaField\":\"StationCode\",\"columnComment\":\"站场编码\",\"columnId\":89,\"columnName\":\"station_code\",\"columnType\":\"char(10)\",\"createBy\":\"admin\",\"createTime\":\"2023-06-15 10:32:52\",\"dictType\":\"\",\"edit\":true,\"htmlType\":\"input\",\"increment\":false,\"insert\":true,\"isEdit\":\"1\",\"isIncrement\":\"0\",\"isInsert\":\"1\",\"isList\":\"1\",\"isPk\":\"0\",\"isQuery\":\"1\",\"isRequired\":\"1\",\"javaField\":\"stationCode\",\"javaType\":\"String\",\"list\":true,\"params\":{},\"pk\":false,\"query\":true,\"queryType\":\"EQ\",\"required\":true,\"sort\":2,\"superColumn\":false,\"tableId\":9,\"updateBy\":\"\",\"usableColumn\":false},{\"capJavaField\":\"StationName\",\"columnComment\":\"场站名称\",\"columnId\":90,\"columnName\":\"station_name\",\"columnType\":\"varchar(50)\",\"createBy\":\"admin\",\"createTime\":\"2023-06-15 10:32:52\",\"dictType\":\"\",\"edit\":true,\"htmlType\":\"input\",\"increment\":false,\"insert\":true,\"isEdit\":\"1\",\"isIncrement\":\"0\",\"isInsert\":\"1\",\"isList\":\"1\",\"isPk\":\"0\",\"isQuery\":\"1\",\"javaField\":\"stationName\",\"javaType\":\"String\",\"list\":true,\"params\":{},\"pk\":false,\"query\":true,\"queryType\":\"LIKE\",\"required\":false,\"sort\":3,\"superColumn\":false,\"tableId\":9,\"updateBy\":\"\",\"usableColumn\":false},{\"capJavaField\":\"DeviceNumber\",\"columnComment\":\"充电桩数\",\"columnId\":91,\"columnName\":\"device_number\",\"columnType\":\"int(10)\",\"createBy\":\"admin\",\"createTime\":\"2023-06-15 10:32:52\",\"dictType\":\"\",\"edit\":true,\"htmlType\":\"input\",\"increment\":false,\"insert\":true,\"isEdit\":\"1\",\"isIncrement\":\"0\",\"isInsert\":\"1\",\"isList\":\"1\",\"isPk\":\"0\",\"isQuery\":\"1\",\"javaField\":\"deviceNumber\",\"','{\"msg\":\"操作成功\",\"code\":200}',0,NULL,'2023-06-15 10:53:06'),(114,'代码生成',2,'com.ruoyi.generator.controller.GenController.editSave()','PUT',1,'admin',NULL,'/tool/gen','127.0.0.1','内网IP','{\"businessName\":\"userInfo\",\"className\":\"ChargingUserInfo\",\"columns\":[{\"capJavaField\":\"Id\",\"columnComment\":\"编号\",\"columnId\":110,\"columnName\":\"id\",\"columnType\":\"int(10)\",\"createBy\":\"admin\",\"createTime\":\"2023-06-15 10:32:52\",\"dictType\":\"\",\"edit\":false,\"htmlType\":\"input\",\"increment\":true,\"insert\":true,\"isIncrement\":\"1\",\"isInsert\":\"1\",\"isPk\":\"1\",\"javaField\":\"id\",\"javaType\":\"Integer\",\"list\":false,\"params\":{},\"pk\":true,\"query\":false,\"queryType\":\"EQ\",\"required\":false,\"sort\":1,\"superColumn\":false,\"tableId\":10,\"updateBy\":\"\",\"usableColumn\":false},{\"capJavaField\":\"Balance\",\"columnComment\":\"余额\",\"columnId\":111,\"columnName\":\"balance\",\"columnType\":\"decimal(9,2)\",\"createBy\":\"admin\",\"createTime\":\"2023-06-15 10:32:52\",\"dictType\":\"\",\"edit\":true,\"htmlType\":\"input\",\"increment\":false,\"insert\":true,\"isEdit\":\"1\",\"isIncrement\":\"0\",\"isInsert\":\"1\",\"isList\":\"1\",\"isPk\":\"0\",\"isQuery\":\"1\",\"javaField\":\"balance\",\"javaType\":\"BigDecimal\",\"list\":true,\"params\":{},\"pk\":false,\"query\":true,\"queryType\":\"EQ\",\"required\":false,\"sort\":2,\"superColumn\":false,\"tableId\":10,\"updateBy\":\"\",\"usableColumn\":false},{\"capJavaField\":\"Username\",\"columnComment\":\"用户姓名\",\"columnId\":112,\"columnName\":\"username\",\"columnType\":\"varchar(50)\",\"createBy\":\"admin\",\"createTime\":\"2023-06-15 10:32:52\",\"dictType\":\"\",\"edit\":true,\"htmlType\":\"input\",\"increment\":false,\"insert\":true,\"isEdit\":\"1\",\"isIncrement\":\"0\",\"isInsert\":\"1\",\"isList\":\"1\",\"isPk\":\"0\",\"isQuery\":\"1\",\"javaField\":\"username\",\"javaType\":\"String\",\"list\":true,\"params\":{},\"pk\":false,\"query\":true,\"queryType\":\"LIKE\",\"required\":false,\"sort\":3,\"superColumn\":false,\"tableId\":10,\"updateBy\":\"\",\"usableColumn\":false},{\"capJavaField\":\"Gender\",\"columnComment\":\"性别\",\"columnId\":113,\"columnName\":\"gender\",\"columnType\":\"enum(\'男\',\'女\')\",\"createBy\":\"admin\",\"createTime\":\"2023-06-15 10:32:52\",\"dictType\":\"\",\"edit\":true,\"increment\":false,\"insert\":true,\"isEdit\":\"1\",\"isIncrement\":\"0\",\"isInsert\":\"1\",\"isList\":\"1\",\"isPk\":\"0\",\"isQuery\":\"1\",\"javaField\":\"gender\",\"javaType\":\"String\",\"list\":true,\"params\":{},\"pk\":false,\"quer','{\"msg\":\"操作成功\",\"code\":200}',0,NULL,'2023-06-15 10:53:54'),(115,'代码生成',8,'com.ruoyi.generator.controller.GenController.batchGenCode()','GET',1,'admin',NULL,'/tool/gen/batchGenCode','127.0.0.1','内网IP','{}',NULL,0,NULL,'2023-06-15 10:54:02'),(116,'代码生成',6,'com.ruoyi.generator.controller.GenController.importTableSave()','POST',1,'admin',NULL,'/tool/gen/importTable','127.0.0.1','内网IP','\"charging_bill_exception\"','{\"msg\":\"操作成功\",\"code\":200}',0,NULL,'2023-09-06 16:35:44'),(117,'代码生成',3,'com.ruoyi.generator.controller.GenController.remove()','DELETE',1,'admin',NULL,'/tool/gen/4','127.0.0.1','内网IP','{tableIds=4}','{\"msg\":\"操作成功\",\"code\":200}',0,NULL,'2023-09-06 16:37:11'),(118,'代码生成',6,'com.ruoyi.generator.controller.GenController.importTableSave()','POST',1,'admin',NULL,'/tool/gen/importTable','127.0.0.1','内网IP','\"charging_cost_rule\"','{\"msg\":\"操作成功\",\"code\":200}',0,NULL,'2023-09-06 16:37:29'),(119,'代码生成',2,'com.ruoyi.generator.controller.GenController.editSave()','PUT',1,'admin',NULL,'/tool/gen','127.0.0.1','内网IP','{\"businessName\":\"admin\",\"className\":\"ChargingAdmin\",\"columns\":[{\"capJavaField\":\"Id\",\"columnComment\":\"编号\",\"columnId\":1,\"columnName\":\"id\",\"columnType\":\"int(11)\",\"createBy\":\"admin\",\"createTime\":\"2023-06-15 10:32:51\",\"dictType\":\"\",\"edit\":false,\"htmlType\":\"input\",\"increment\":true,\"insert\":true,\"isIncrement\":\"1\",\"isInsert\":\"1\",\"isPk\":\"1\",\"javaField\":\"id\",\"javaType\":\"Long\",\"list\":false,\"params\":{},\"pk\":true,\"query\":false,\"queryType\":\"EQ\",\"required\":false,\"sort\":1,\"superColumn\":false,\"tableId\":1,\"updateBy\":\"\",\"updateTime\":\"2023-06-15 10:46:41\",\"usableColumn\":false},{\"capJavaField\":\"Adminname\",\"columnComment\":\"管理员名称\",\"columnId\":2,\"columnName\":\"adminname\",\"columnType\":\"varchar(50)\",\"createBy\":\"admin\",\"createTime\":\"2023-06-15 10:32:51\",\"dictType\":\"\",\"edit\":true,\"htmlType\":\"input\",\"increment\":false,\"insert\":true,\"isEdit\":\"1\",\"isIncrement\":\"0\",\"isInsert\":\"1\",\"isList\":\"1\",\"isPk\":\"0\",\"isQuery\":\"1\",\"javaField\":\"adminname\",\"javaType\":\"String\",\"list\":true,\"params\":{},\"pk\":false,\"query\":true,\"queryType\":\"LIKE\",\"required\":false,\"sort\":2,\"superColumn\":false,\"tableId\":1,\"updateBy\":\"\",\"updateTime\":\"2023-06-15 10:46:41\",\"usableColumn\":false},{\"capJavaField\":\"Password\",\"columnComment\":\"管理员密码\",\"columnId\":3,\"columnName\":\"password\",\"columnType\":\"varchar(50)\",\"createBy\":\"admin\",\"createTime\":\"2023-06-15 10:32:51\",\"dictType\":\"\",\"edit\":true,\"htmlType\":\"input\",\"increment\":false,\"insert\":true,\"isEdit\":\"1\",\"isIncrement\":\"0\",\"isInsert\":\"1\",\"isList\":\"1\",\"isPk\":\"0\",\"isQuery\":\"1\",\"javaField\":\"password\",\"javaType\":\"String\",\"list\":true,\"params\":{},\"pk\":false,\"query\":true,\"queryType\":\"EQ\",\"required\":false,\"sort\":3,\"superColumn\":false,\"tableId\":1,\"updateBy\":\"\",\"updateTime\":\"2023-06-15 10:46:41\",\"usableColumn\":false},{\"capJavaField\":\"CreateTime\",\"columnComment\":\"创建时间\",\"columnId\":4,\"columnName\":\"create_time\",\"columnType\":\"timestamp\",\"createBy\":\"admin\",\"createTime\":\"2023-06-15 10:32:51\",\"dictType\":\"\",\"edit\":false,\"htmlType\":\"datetime\",\"increment\":false,\"insert\":true,\"isIncrement\":\"0\",\"isInsert\":\"1\",\"isPk\":\"0\",\"','{\"msg\":\"操作成功\",\"code\":200}',0,NULL,'2023-09-06 16:41:33'),(120,'代码生成',2,'com.ruoyi.generator.controller.GenController.editSave()','PUT',1,'admin',NULL,'/tool/gen','127.0.0.1','内网IP','{\"businessName\":\"fail\",\"className\":\"ChargingBillFail\",\"columns\":[{\"capJavaField\":\"Id\",\"columnComment\":\"编号\",\"columnId\":7,\"columnName\":\"id\",\"columnType\":\"int(10)\",\"createBy\":\"admin\",\"createTime\":\"2023-06-15 10:32:52\",\"dictType\":\"\",\"edit\":false,\"htmlType\":\"input\",\"increment\":true,\"insert\":true,\"isIncrement\":\"1\",\"isInsert\":\"1\",\"isPk\":\"1\",\"javaField\":\"id\",\"javaType\":\"Integer\",\"list\":false,\"params\":{},\"pk\":true,\"query\":false,\"queryType\":\"EQ\",\"required\":false,\"sort\":1,\"superColumn\":false,\"tableId\":2,\"updateBy\":\"\",\"updateTime\":\"2023-06-15 10:46:29\",\"usableColumn\":false},{\"capJavaField\":\"BillNumber\",\"columnComment\":\"订单号\",\"columnId\":8,\"columnName\":\"bill_number\",\"columnType\":\"varchar(50)\",\"createBy\":\"admin\",\"createTime\":\"2023-06-15 10:32:52\",\"dictType\":\"\",\"edit\":true,\"htmlType\":\"input\",\"increment\":false,\"insert\":true,\"isEdit\":\"1\",\"isIncrement\":\"0\",\"isInsert\":\"1\",\"isList\":\"1\",\"isPk\":\"0\",\"isQuery\":\"1\",\"isRequired\":\"1\",\"javaField\":\"billNumber\",\"javaType\":\"String\",\"list\":true,\"params\":{},\"pk\":false,\"query\":true,\"queryType\":\"EQ\",\"required\":true,\"sort\":2,\"superColumn\":false,\"tableId\":2,\"updateBy\":\"\",\"updateTime\":\"2023-06-15 10:46:29\",\"usableColumn\":false},{\"capJavaField\":\"UserId\",\"columnComment\":\"用户ID\",\"columnId\":9,\"columnName\":\"user_id\",\"columnType\":\"int(10)\",\"createBy\":\"admin\",\"createTime\":\"2023-06-15 10:32:52\",\"dictType\":\"\",\"edit\":true,\"htmlType\":\"input\",\"increment\":false,\"insert\":true,\"isEdit\":\"1\",\"isIncrement\":\"0\",\"isInsert\":\"1\",\"isList\":\"1\",\"isPk\":\"0\",\"isQuery\":\"1\",\"javaField\":\"userId\",\"javaType\":\"Integer\",\"list\":true,\"params\":{},\"pk\":false,\"query\":true,\"queryType\":\"EQ\",\"required\":false,\"sort\":3,\"superColumn\":false,\"tableId\":2,\"updateBy\":\"\",\"updateTime\":\"2023-06-15 10:46:29\",\"usableColumn\":false},{\"capJavaField\":\"OperatorId\",\"columnComment\":\"运营商ID\",\"columnId\":10,\"columnName\":\"operator_id\",\"columnType\":\"int(10)\",\"createBy\":\"admin\",\"createTime\":\"2023-06-15 10:32:52\",\"dictType\":\"\",\"edit\":true,\"htmlType\":\"input\",\"increment\":false,\"insert\":true,\"isEdit\":\"1\",\"isIncrement\":\"0\",\"isIns','{\"msg\":\"操作成功\",\"code\":200}',0,NULL,'2023-09-06 16:41:58'),(121,'代码生成',2,'com.ruoyi.generator.controller.GenController.editSave()','PUT',1,'admin',NULL,'/tool/gen','127.0.0.1','内网IP','{\"businessName\":\"progress\",\"className\":\"ChargingBillPrgress\",\"columns\":[{\"capJavaField\":\"Id\",\"columnComment\":\"编号\",\"columnId\":16,\"columnName\":\"id\",\"columnType\":\"int(10)\",\"createBy\":\"admin\",\"createTime\":\"2023-06-15 10:32:52\",\"dictType\":\"\",\"edit\":false,\"htmlType\":\"input\",\"increment\":true,\"insert\":true,\"isIncrement\":\"1\",\"isInsert\":\"1\",\"isPk\":\"1\",\"javaField\":\"id\",\"javaType\":\"Integer\",\"list\":false,\"params\":{},\"pk\":true,\"query\":false,\"queryType\":\"EQ\",\"required\":false,\"sort\":1,\"superColumn\":false,\"tableId\":3,\"updateBy\":\"\",\"updateTime\":\"2023-06-15 10:46:19\",\"usableColumn\":false},{\"capJavaField\":\"BillNumber\",\"columnComment\":\"订单号\",\"columnId\":17,\"columnName\":\"bill_number\",\"columnType\":\"varchar(10)\",\"createBy\":\"admin\",\"createTime\":\"2023-06-15 10:32:52\",\"dictType\":\"\",\"edit\":false,\"htmlType\":\"input\",\"increment\":false,\"insert\":true,\"isIncrement\":\"0\",\"isInsert\":\"1\",\"isPk\":\"1\",\"javaField\":\"billNumber\",\"javaType\":\"String\",\"list\":false,\"params\":{},\"pk\":true,\"query\":false,\"queryType\":\"EQ\",\"required\":false,\"sort\":2,\"superColumn\":false,\"tableId\":3,\"updateBy\":\"\",\"updateTime\":\"2023-06-15 10:46:19\",\"usableColumn\":false},{\"capJavaField\":\"ChargingCapacity\",\"columnComment\":\"充电量（kwh）\",\"columnId\":18,\"columnName\":\"charging_capacity\",\"columnType\":\"int(3)\",\"createBy\":\"admin\",\"createTime\":\"2023-06-15 10:32:52\",\"dictType\":\"\",\"edit\":true,\"htmlType\":\"input\",\"increment\":false,\"insert\":true,\"isEdit\":\"1\",\"isIncrement\":\"0\",\"isInsert\":\"1\",\"isList\":\"1\",\"isPk\":\"0\",\"isQuery\":\"1\",\"javaField\":\"chargingCapacity\",\"javaType\":\"Integer\",\"list\":true,\"params\":{},\"pk\":false,\"query\":true,\"queryType\":\"EQ\",\"required\":false,\"sort\":3,\"superColumn\":false,\"tableId\":3,\"updateBy\":\"\",\"updateTime\":\"2023-06-15 10:46:19\",\"usableColumn\":false},{\"capJavaField\":\"BatteryTemperature\",\"columnComment\":\"电池温度\",\"columnId\":19,\"columnName\":\"battery_temperature\",\"columnType\":\"decimal(9,4)\",\"createBy\":\"admin\",\"createTime\":\"2023-06-15 10:32:52\",\"dictType\":\"\",\"edit\":true,\"htmlType\":\"input\",\"increment\":false,\"insert\":true,\"isEdit\":\"1\",\"isIncrement\":\"','{\"msg\":\"操作成功\",\"code\":200}',0,NULL,'2023-09-06 16:42:26'),(122,'代码生成',2,'com.ruoyi.generator.controller.GenController.editSave()','PUT',1,'admin',NULL,'/tool/gen','127.0.0.1','内网IP','{\"businessName\":\"succes\",\"className\":\"ChargingBillSucces\",\"columns\":[{\"capJavaField\":\"Id\",\"columnComment\":\"编号\",\"columnId\":29,\"columnName\":\"id\",\"columnType\":\"int(10)\",\"createBy\":\"admin\",\"createTime\":\"2023-06-15 10:32:52\",\"dictType\":\"\",\"edit\":false,\"htmlType\":\"input\",\"increment\":true,\"insert\":true,\"isIncrement\":\"1\",\"isInsert\":\"1\",\"isPk\":\"1\",\"javaField\":\"id\",\"javaType\":\"Integer\",\"list\":false,\"params\":{},\"pk\":true,\"query\":false,\"queryType\":\"EQ\",\"required\":false,\"sort\":1,\"superColumn\":false,\"tableId\":5,\"updateBy\":\"\",\"updateTime\":\"2023-06-15 10:49:06\",\"usableColumn\":false},{\"capJavaField\":\"BillNumber\",\"columnComment\":\"订单号\",\"columnId\":30,\"columnName\":\"bill_number\",\"columnType\":\"varchar(10)\",\"createBy\":\"admin\",\"createTime\":\"2023-06-15 10:32:52\",\"dictType\":\"\",\"edit\":false,\"htmlType\":\"input\",\"increment\":false,\"insert\":true,\"isIncrement\":\"0\",\"isInsert\":\"1\",\"isPk\":\"1\",\"javaField\":\"billNumber\",\"javaType\":\"String\",\"list\":false,\"params\":{},\"pk\":true,\"query\":false,\"queryType\":\"EQ\",\"required\":false,\"sort\":2,\"superColumn\":false,\"tableId\":5,\"updateBy\":\"\",\"updateTime\":\"2023-06-15 10:49:06\",\"usableColumn\":false},{\"capJavaField\":\"ChargingCapacity\",\"columnComment\":\"充电量（kwh）\",\"columnId\":31,\"columnName\":\"charging_capacity\",\"columnType\":\"int(3)\",\"createBy\":\"admin\",\"createTime\":\"2023-06-15 10:32:52\",\"dictType\":\"\",\"edit\":true,\"htmlType\":\"input\",\"increment\":false,\"insert\":true,\"isEdit\":\"1\",\"isIncrement\":\"0\",\"isInsert\":\"1\",\"isList\":\"1\",\"isPk\":\"0\",\"isQuery\":\"1\",\"javaField\":\"chargingCapacity\",\"javaType\":\"Integer\",\"list\":true,\"params\":{},\"pk\":false,\"query\":true,\"queryType\":\"EQ\",\"required\":false,\"sort\":3,\"superColumn\":false,\"tableId\":5,\"updateBy\":\"\",\"updateTime\":\"2023-06-15 10:49:06\",\"usableColumn\":false},{\"capJavaField\":\"ElectricMoney\",\"columnComment\":\"电费\",\"columnId\":32,\"columnName\":\"electric_money\",\"columnType\":\"decimal(8,3)\",\"createBy\":\"admin\",\"createTime\":\"2023-06-15 10:32:52\",\"dictType\":\"\",\"edit\":true,\"htmlType\":\"input\",\"increment\":false,\"insert\":true,\"isEdit\":\"1\",\"isIncrement\":\"0\",\"isInsert\":\"','{\"msg\":\"操作成功\",\"code\":200}',0,NULL,'2023-09-06 16:42:43'),(123,'代码生成',2,'com.ruoyi.generator.controller.GenController.editSave()','PUT',1,'admin',NULL,'/tool/gen','127.0.0.1','内网IP','{\"businessName\":\"info\",\"className\":\"ChargingGunInfo\",\"columns\":[{\"capJavaField\":\"Id\",\"columnComment\":\"编号\",\"columnId\":48,\"columnName\":\"id\",\"columnType\":\"int(11)\",\"createBy\":\"admin\",\"createTime\":\"2023-06-15 10:32:52\",\"dictType\":\"\",\"edit\":false,\"htmlType\":\"input\",\"increment\":true,\"insert\":true,\"isIncrement\":\"1\",\"isInsert\":\"1\",\"isPk\":\"1\",\"javaField\":\"id\",\"javaType\":\"Long\",\"list\":false,\"params\":{},\"pk\":true,\"query\":false,\"queryType\":\"EQ\",\"required\":false,\"sort\":1,\"superColumn\":false,\"tableId\":6,\"updateBy\":\"\",\"updateTime\":\"2023-06-15 10:50:03\",\"usableColumn\":false},{\"capJavaField\":\"GunNumber\",\"columnComment\":\"枪编号\",\"columnId\":49,\"columnName\":\"gun_number\",\"columnType\":\"char(1)\",\"createBy\":\"admin\",\"createTime\":\"2023-06-15 10:32:52\",\"dictType\":\"\",\"edit\":true,\"htmlType\":\"input\",\"increment\":false,\"insert\":true,\"isEdit\":\"1\",\"isIncrement\":\"0\",\"isInsert\":\"1\",\"isList\":\"1\",\"isPk\":\"0\",\"isQuery\":\"1\",\"isRequired\":\"1\",\"javaField\":\"gunNumber\",\"javaType\":\"String\",\"list\":true,\"params\":{},\"pk\":false,\"query\":true,\"queryType\":\"EQ\",\"required\":true,\"sort\":2,\"superColumn\":false,\"tableId\":6,\"updateBy\":\"\",\"updateTime\":\"2023-06-15 10:50:03\",\"usableColumn\":false},{\"capJavaField\":\"GunName\",\"columnComment\":\"枪名称\",\"columnId\":50,\"columnName\":\"gun_name\",\"columnType\":\"varchar(10)\",\"createBy\":\"admin\",\"createTime\":\"2023-06-15 10:32:52\",\"dictType\":\"\",\"edit\":true,\"htmlType\":\"input\",\"increment\":false,\"insert\":true,\"isEdit\":\"1\",\"isIncrement\":\"0\",\"isInsert\":\"1\",\"isList\":\"1\",\"isPk\":\"0\",\"isQuery\":\"1\",\"javaField\":\"gunName\",\"javaType\":\"String\",\"list\":true,\"params\":{},\"pk\":false,\"query\":true,\"queryType\":\"LIKE\",\"required\":false,\"sort\":3,\"superColumn\":false,\"tableId\":6,\"updateBy\":\"\",\"updateTime\":\"2023-06-15 10:50:03\",\"usableColumn\":false},{\"capJavaField\":\"Power\",\"columnComment\":\"额定功率 KW\",\"columnId\":51,\"columnName\":\"power\",\"columnType\":\"decimal(9,4)\",\"createBy\":\"admin\",\"createTime\":\"2023-06-15 10:32:52\",\"dictType\":\"\",\"edit\":true,\"htmlType\":\"input\",\"increment\":false,\"insert\":true,\"isEdit\":\"1\",\"isIncrement\":\"0\",\"isInsert\":','{\"msg\":\"操作成功\",\"code\":200}',0,NULL,'2023-09-06 16:43:04'),(124,'代码生成',2,'com.ruoyi.generator.controller.GenController.editSave()','PUT',1,'admin',NULL,'/tool/gen','127.0.0.1','内网IP','{\"businessName\":\"operatorInfo\",\"className\":\"ChargingOperatorInfo\",\"columns\":[{\"capJavaField\":\"Id\",\"columnComment\":\"编号\",\"columnId\":61,\"columnName\":\"id\",\"columnType\":\"int(10)\",\"createBy\":\"admin\",\"createTime\":\"2023-06-15 10:32:52\",\"dictType\":\"\",\"edit\":false,\"htmlType\":\"input\",\"increment\":true,\"insert\":true,\"isIncrement\":\"1\",\"isInsert\":\"1\",\"isPk\":\"1\",\"javaField\":\"id\",\"javaType\":\"Integer\",\"list\":false,\"params\":{},\"pk\":true,\"query\":false,\"queryType\":\"EQ\",\"required\":false,\"sort\":1,\"superColumn\":false,\"tableId\":7,\"updateBy\":\"\",\"updateTime\":\"2023-06-15 10:51:23\",\"usableColumn\":false},{\"capJavaField\":\"OperatorNumber\",\"columnComment\":\"运营商编号\",\"columnId\":62,\"columnName\":\"operator_number\",\"columnType\":\"varchar(10)\",\"createBy\":\"admin\",\"createTime\":\"2023-06-15 10:32:52\",\"dictType\":\"\",\"edit\":true,\"htmlType\":\"input\",\"increment\":false,\"insert\":true,\"isEdit\":\"1\",\"isIncrement\":\"0\",\"isInsert\":\"1\",\"isList\":\"1\",\"isPk\":\"0\",\"isQuery\":\"1\",\"isRequired\":\"1\",\"javaField\":\"operatorNumber\",\"javaType\":\"String\",\"list\":true,\"params\":{},\"pk\":false,\"query\":true,\"queryType\":\"EQ\",\"required\":true,\"sort\":2,\"superColumn\":false,\"tableId\":7,\"updateBy\":\"\",\"updateTime\":\"2023-06-15 10:51:23\",\"usableColumn\":false},{\"capJavaField\":\"OperatorName\",\"columnComment\":\"运营商名称\",\"columnId\":63,\"columnName\":\"operator_name\",\"columnType\":\"varchar(50)\",\"createBy\":\"admin\",\"createTime\":\"2023-06-15 10:32:52\",\"dictType\":\"\",\"edit\":true,\"htmlType\":\"input\",\"increment\":false,\"insert\":true,\"isEdit\":\"1\",\"isIncrement\":\"0\",\"isInsert\":\"1\",\"isList\":\"1\",\"isPk\":\"0\",\"isQuery\":\"1\",\"javaField\":\"operatorName\",\"javaType\":\"String\",\"list\":true,\"params\":{},\"pk\":false,\"query\":true,\"queryType\":\"LIKE\",\"required\":false,\"sort\":3,\"superColumn\":false,\"tableId\":7,\"updateBy\":\"\",\"updateTime\":\"2023-06-15 10:51:23\",\"usableColumn\":false},{\"capJavaField\":\"Business\",\"columnComment\":\"经营业务\",\"columnId\":64,\"columnName\":\"business\",\"columnType\":\"varchar(50)\",\"createBy\":\"admin\",\"createTime\":\"2023-06-15 10:32:52\",\"dictType\":\"\",\"edit\":true,\"htmlType\":\"input\",\"increment\":false,','{\"msg\":\"操作成功\",\"code\":200}',0,NULL,'2023-09-06 16:43:23'),(125,'代码生成',2,'com.ruoyi.generator.controller.GenController.editSave()','PUT',1,'admin',NULL,'/tool/gen','127.0.0.1','内网IP','{\"businessName\":\"pileInfo\",\"className\":\"ChargingPileInfo\",\"columns\":[{\"capJavaField\":\"Id\",\"columnComment\":\"编号\",\"columnId\":73,\"columnName\":\"id\",\"columnType\":\"int(10)\",\"createBy\":\"admin\",\"createTime\":\"2023-06-15 10:32:52\",\"dictType\":\"\",\"edit\":false,\"htmlType\":\"input\",\"increment\":true,\"insert\":true,\"isIncrement\":\"1\",\"isInsert\":\"1\",\"isPk\":\"1\",\"javaField\":\"id\",\"javaType\":\"Integer\",\"list\":false,\"params\":{},\"pk\":true,\"query\":false,\"queryType\":\"EQ\",\"required\":false,\"sort\":1,\"superColumn\":false,\"tableId\":8,\"updateBy\":\"\",\"updateTime\":\"2023-06-15 10:52:22\",\"usableColumn\":false},{\"capJavaField\":\"PileNumber\",\"columnComment\":\"桩编号\",\"columnId\":74,\"columnName\":\"pile_number\",\"columnType\":\"char(10)\",\"createBy\":\"admin\",\"createTime\":\"2023-06-15 10:32:52\",\"dictType\":\"\",\"edit\":true,\"htmlType\":\"input\",\"increment\":false,\"insert\":true,\"isEdit\":\"1\",\"isIncrement\":\"0\",\"isInsert\":\"1\",\"isList\":\"1\",\"isPk\":\"0\",\"isQuery\":\"1\",\"isRequired\":\"1\",\"javaField\":\"pileNumber\",\"javaType\":\"String\",\"list\":true,\"params\":{},\"pk\":false,\"query\":true,\"queryType\":\"EQ\",\"required\":true,\"sort\":2,\"superColumn\":false,\"tableId\":8,\"updateBy\":\"\",\"updateTime\":\"2023-06-15 10:52:22\",\"usableColumn\":false},{\"capJavaField\":\"PileName\",\"columnComment\":\"桩名称\",\"columnId\":75,\"columnName\":\"pile_name\",\"columnType\":\"varchar(10)\",\"createBy\":\"admin\",\"createTime\":\"2023-06-15 10:32:52\",\"dictType\":\"\",\"edit\":true,\"htmlType\":\"input\",\"increment\":false,\"insert\":true,\"isEdit\":\"1\",\"isIncrement\":\"0\",\"isInsert\":\"1\",\"isList\":\"1\",\"isPk\":\"0\",\"isQuery\":\"1\",\"javaField\":\"pileName\",\"javaType\":\"String\",\"list\":true,\"params\":{},\"pk\":false,\"query\":true,\"queryType\":\"LIKE\",\"required\":false,\"sort\":3,\"superColumn\":false,\"tableId\":8,\"updateBy\":\"\",\"updateTime\":\"2023-06-15 10:52:22\",\"usableColumn\":false},{\"capJavaField\":\"GunInfos\",\"columnComment\":\"枪编号[]\",\"columnId\":76,\"columnName\":\"gun_infos\",\"columnType\":\"varchar(10)\",\"createBy\":\"admin\",\"createTime\":\"2023-06-15 10:32:52\",\"dictType\":\"\",\"edit\":true,\"htmlType\":\"input\",\"increment\":false,\"insert\":true,\"isEdit\":\"1\",\"isIncreme','{\"msg\":\"操作成功\",\"code\":200}',0,NULL,'2023-09-06 16:43:41'),(126,'代码生成',2,'com.ruoyi.generator.controller.GenController.editSave()','PUT',1,'admin',NULL,'/tool/gen','127.0.0.1','内网IP','{\"businessName\":\"station\",\"className\":\"ChargingStation\",\"columns\":[{\"capJavaField\":\"Id\",\"columnComment\":\"主ID\",\"columnId\":88,\"columnName\":\"id\",\"columnType\":\"int(10)\",\"createBy\":\"admin\",\"createTime\":\"2023-06-15 10:32:52\",\"dictType\":\"\",\"edit\":false,\"htmlType\":\"input\",\"increment\":true,\"insert\":true,\"isIncrement\":\"1\",\"isInsert\":\"1\",\"isPk\":\"1\",\"javaField\":\"id\",\"javaType\":\"Integer\",\"list\":false,\"params\":{},\"pk\":true,\"query\":false,\"queryType\":\"EQ\",\"required\":false,\"sort\":1,\"superColumn\":false,\"tableId\":9,\"updateBy\":\"\",\"updateTime\":\"2023-06-15 10:53:06\",\"usableColumn\":false},{\"capJavaField\":\"StationCode\",\"columnComment\":\"站场编码\",\"columnId\":89,\"columnName\":\"station_code\",\"columnType\":\"char(10)\",\"createBy\":\"admin\",\"createTime\":\"2023-06-15 10:32:52\",\"dictType\":\"\",\"edit\":true,\"htmlType\":\"input\",\"increment\":false,\"insert\":true,\"isEdit\":\"1\",\"isIncrement\":\"0\",\"isInsert\":\"1\",\"isList\":\"1\",\"isPk\":\"0\",\"isQuery\":\"1\",\"isRequired\":\"1\",\"javaField\":\"stationCode\",\"javaType\":\"String\",\"list\":true,\"params\":{},\"pk\":false,\"query\":true,\"queryType\":\"EQ\",\"required\":true,\"sort\":2,\"superColumn\":false,\"tableId\":9,\"updateBy\":\"\",\"updateTime\":\"2023-06-15 10:53:06\",\"usableColumn\":false},{\"capJavaField\":\"StationName\",\"columnComment\":\"场站名称\",\"columnId\":90,\"columnName\":\"station_name\",\"columnType\":\"varchar(50)\",\"createBy\":\"admin\",\"createTime\":\"2023-06-15 10:32:52\",\"dictType\":\"\",\"edit\":true,\"htmlType\":\"input\",\"increment\":false,\"insert\":true,\"isEdit\":\"1\",\"isIncrement\":\"0\",\"isInsert\":\"1\",\"isList\":\"1\",\"isPk\":\"0\",\"isQuery\":\"1\",\"javaField\":\"stationName\",\"javaType\":\"String\",\"list\":true,\"params\":{},\"pk\":false,\"query\":true,\"queryType\":\"LIKE\",\"required\":false,\"sort\":3,\"superColumn\":false,\"tableId\":9,\"updateBy\":\"\",\"updateTime\":\"2023-06-15 10:53:06\",\"usableColumn\":false},{\"capJavaField\":\"DeviceNumber\",\"columnComment\":\"充电桩数\",\"columnId\":91,\"columnName\":\"device_number\",\"columnType\":\"int(10)\",\"createBy\":\"admin\",\"createTime\":\"2023-06-15 10:32:52\",\"dictType\":\"\",\"edit\":true,\"htmlType\":\"input\",\"increment\":false,\"insert\":true,\"isEdit','{\"msg\":\"操作成功\",\"code\":200}',0,NULL,'2023-09-06 16:44:01'),(127,'代码生成',2,'com.ruoyi.generator.controller.GenController.editSave()','PUT',1,'admin',NULL,'/tool/gen','127.0.0.1','内网IP','{\"businessName\":\"userInfo\",\"className\":\"ChargingUserInfo\",\"columns\":[{\"capJavaField\":\"Id\",\"columnComment\":\"编号\",\"columnId\":110,\"columnName\":\"id\",\"columnType\":\"int(10)\",\"createBy\":\"admin\",\"createTime\":\"2023-06-15 10:32:52\",\"dictType\":\"\",\"edit\":false,\"htmlType\":\"input\",\"increment\":true,\"insert\":true,\"isIncrement\":\"1\",\"isInsert\":\"1\",\"isPk\":\"1\",\"javaField\":\"id\",\"javaType\":\"Integer\",\"list\":false,\"params\":{},\"pk\":true,\"query\":false,\"queryType\":\"EQ\",\"required\":false,\"sort\":1,\"superColumn\":false,\"tableId\":10,\"updateBy\":\"\",\"updateTime\":\"2023-06-15 10:53:54\",\"usableColumn\":false},{\"capJavaField\":\"Balance\",\"columnComment\":\"余额\",\"columnId\":111,\"columnName\":\"balance\",\"columnType\":\"decimal(9,2)\",\"createBy\":\"admin\",\"createTime\":\"2023-06-15 10:32:52\",\"dictType\":\"\",\"edit\":true,\"htmlType\":\"input\",\"increment\":false,\"insert\":true,\"isEdit\":\"1\",\"isIncrement\":\"0\",\"isInsert\":\"1\",\"isList\":\"1\",\"isPk\":\"0\",\"isQuery\":\"1\",\"javaField\":\"balance\",\"javaType\":\"BigDecimal\",\"list\":true,\"params\":{},\"pk\":false,\"query\":true,\"queryType\":\"EQ\",\"required\":false,\"sort\":2,\"superColumn\":false,\"tableId\":10,\"updateBy\":\"\",\"updateTime\":\"2023-06-15 10:53:54\",\"usableColumn\":false},{\"capJavaField\":\"Username\",\"columnComment\":\"用户姓名\",\"columnId\":112,\"columnName\":\"username\",\"columnType\":\"varchar(50)\",\"createBy\":\"admin\",\"createTime\":\"2023-06-15 10:32:52\",\"dictType\":\"\",\"edit\":true,\"htmlType\":\"input\",\"increment\":false,\"insert\":true,\"isEdit\":\"1\",\"isIncrement\":\"0\",\"isInsert\":\"1\",\"isList\":\"1\",\"isPk\":\"0\",\"isQuery\":\"1\",\"javaField\":\"username\",\"javaType\":\"String\",\"list\":true,\"params\":{},\"pk\":false,\"query\":true,\"queryType\":\"LIKE\",\"required\":false,\"sort\":3,\"superColumn\":false,\"tableId\":10,\"updateBy\":\"\",\"updateTime\":\"2023-06-15 10:53:54\",\"usableColumn\":false},{\"capJavaField\":\"Gender\",\"columnComment\":\"性别\",\"columnId\":113,\"columnName\":\"gender\",\"columnType\":\"enum(\'男\',\'女\')\",\"createBy\":\"admin\",\"createTime\":\"2023-06-15 10:32:52\",\"dictType\":\"\",\"edit\":true,\"increment\":false,\"insert\":true,\"isEdit\":\"1\",\"isIncrement\":\"0\",\"isInsert\":\"1\",\"isList\":\"1\",\"','{\"msg\":\"操作成功\",\"code\":200}',0,NULL,'2023-09-06 16:44:17'),(128,'代码生成',2,'com.ruoyi.generator.controller.GenController.editSave()','PUT',1,'admin',NULL,'/tool/gen','127.0.0.1','内网IP','{\"businessName\":\"bind\",\"className\":\"ChargingUserVehicleBind\",\"columns\":[{\"capJavaField\":\"Id\",\"columnComment\":\"编号\",\"columnId\":121,\"columnName\":\"id\",\"columnType\":\"int(11)\",\"createBy\":\"admin\",\"createTime\":\"2023-06-15 10:32:52\",\"dictType\":\"\",\"edit\":false,\"htmlType\":\"input\",\"increment\":true,\"insert\":true,\"isIncrement\":\"1\",\"isInsert\":\"1\",\"isPk\":\"1\",\"javaField\":\"id\",\"javaType\":\"Long\",\"list\":false,\"params\":{},\"pk\":true,\"query\":false,\"queryType\":\"EQ\",\"required\":false,\"sort\":1,\"superColumn\":false,\"tableId\":11,\"updateBy\":\"\",\"usableColumn\":false},{\"capJavaField\":\"UserId\",\"columnComment\":\"用户编号\",\"columnId\":122,\"columnName\":\"user_id\",\"columnType\":\"int(11)\",\"createBy\":\"admin\",\"createTime\":\"2023-06-15 10:32:52\",\"dictType\":\"\",\"edit\":true,\"htmlType\":\"input\",\"increment\":false,\"insert\":true,\"isEdit\":\"1\",\"isIncrement\":\"0\",\"isInsert\":\"1\",\"isList\":\"1\",\"isPk\":\"0\",\"isQuery\":\"1\",\"javaField\":\"userId\",\"javaType\":\"Long\",\"list\":true,\"params\":{},\"pk\":false,\"query\":true,\"queryType\":\"EQ\",\"required\":false,\"sort\":2,\"superColumn\":false,\"tableId\":11,\"updateBy\":\"\",\"usableColumn\":false},{\"capJavaField\":\"VehicleId\",\"columnComment\":\"车辆编号\",\"columnId\":123,\"columnName\":\"vehicle_id\",\"columnType\":\"int(11)\",\"createBy\":\"admin\",\"createTime\":\"2023-06-15 10:32:52\",\"dictType\":\"\",\"edit\":true,\"htmlType\":\"input\",\"increment\":false,\"insert\":true,\"isEdit\":\"1\",\"isIncrement\":\"0\",\"isInsert\":\"1\",\"isList\":\"1\",\"isPk\":\"0\",\"isQuery\":\"1\",\"javaField\":\"vehicleId\",\"javaType\":\"Long\",\"list\":true,\"params\":{},\"pk\":false,\"query\":true,\"queryType\":\"EQ\",\"required\":false,\"sort\":3,\"superColumn\":false,\"tableId\":11,\"updateBy\":\"\",\"usableColumn\":false},{\"capJavaField\":\"CreateTime\",\"columnComment\":\"创建时间\",\"columnId\":124,\"columnName\":\"create_time\",\"columnType\":\"timestamp\",\"createBy\":\"admin\",\"createTime\":\"2023-06-15 10:32:52\",\"dictType\":\"\",\"edit\":false,\"htmlType\":\"datetime\",\"increment\":false,\"insert\":true,\"isIncrement\":\"0\",\"isInsert\":\"1\",\"isPk\":\"0\",\"isRequired\":\"1\",\"javaField\":\"createTime\",\"javaType\":\"Date\",\"list\":false,\"params\":{},\"pk\":false,\"query\":fa','{\"msg\":\"操作成功\",\"code\":200}',0,NULL,'2023-09-06 16:45:12'),(129,'代码生成',2,'com.ruoyi.generator.controller.GenController.editSave()','PUT',1,'admin',NULL,'/tool/gen','127.0.0.1','内网IP','{\"businessName\":\"vehicle\",\"className\":\"ChargingVehicle\",\"columns\":[{\"capJavaField\":\"Id\",\"columnComment\":\"编号\",\"columnId\":127,\"columnName\":\"id\",\"columnType\":\"int(11)\",\"createBy\":\"admin\",\"createTime\":\"2023-06-15 10:32:52\",\"dictType\":\"\",\"edit\":false,\"htmlType\":\"input\",\"increment\":true,\"insert\":true,\"isIncrement\":\"1\",\"isInsert\":\"1\",\"isPk\":\"1\",\"javaField\":\"id\",\"javaType\":\"Long\",\"list\":false,\"params\":{},\"pk\":true,\"query\":false,\"queryType\":\"EQ\",\"required\":false,\"sort\":1,\"superColumn\":false,\"tableId\":12,\"updateBy\":\"\",\"usableColumn\":false},{\"capJavaField\":\"Brand\",\"columnComment\":\"车辆品牌\",\"columnId\":128,\"columnName\":\"brand\",\"columnType\":\"varchar(30)\",\"createBy\":\"admin\",\"createTime\":\"2023-06-15 10:32:52\",\"dictType\":\"\",\"edit\":true,\"htmlType\":\"input\",\"increment\":false,\"insert\":true,\"isEdit\":\"1\",\"isIncrement\":\"0\",\"isInsert\":\"1\",\"isList\":\"1\",\"isPk\":\"0\",\"isQuery\":\"1\",\"javaField\":\"brand\",\"javaType\":\"String\",\"list\":true,\"params\":{},\"pk\":false,\"query\":true,\"queryType\":\"EQ\",\"required\":false,\"sort\":2,\"superColumn\":false,\"tableId\":12,\"updateBy\":\"\",\"usableColumn\":false},{\"capJavaField\":\"License\",\"columnComment\":\"车辆牌照\",\"columnId\":129,\"columnName\":\"license\",\"columnType\":\"varchar(50)\",\"createBy\":\"admin\",\"createTime\":\"2023-06-15 10:32:52\",\"dictType\":\"\",\"edit\":true,\"htmlType\":\"input\",\"increment\":false,\"insert\":true,\"isEdit\":\"1\",\"isIncrement\":\"0\",\"isInsert\":\"1\",\"isList\":\"1\",\"isPk\":\"0\",\"isQuery\":\"1\",\"javaField\":\"license\",\"javaType\":\"String\",\"list\":true,\"params\":{},\"pk\":false,\"query\":true,\"queryType\":\"EQ\",\"required\":false,\"sort\":3,\"superColumn\":false,\"tableId\":12,\"updateBy\":\"\",\"usableColumn\":false},{\"capJavaField\":\"Model\",\"columnComment\":\"车辆类型\",\"columnId\":130,\"columnName\":\"model\",\"columnType\":\"varchar(50)\",\"createBy\":\"admin\",\"createTime\":\"2023-06-15 10:32:52\",\"dictType\":\"\",\"edit\":true,\"htmlType\":\"input\",\"increment\":false,\"insert\":true,\"isEdit\":\"1\",\"isIncrement\":\"0\",\"isInsert\":\"1\",\"isList\":\"1\",\"isPk\":\"0\",\"isQuery\":\"1\",\"javaField\":\"model\",\"javaType\":\"String\",\"list\":true,\"params\":{},\"pk\":false,\"query\":','{\"msg\":\"操作成功\",\"code\":200}',0,NULL,'2023-09-06 16:45:55'),(130,'代码生成',2,'com.ruoyi.generator.controller.GenController.editSave()','PUT',1,'admin',NULL,'/tool/gen','127.0.0.1','内网IP','{\"businessName\":\"exception\",\"className\":\"ChargingBillException\",\"columns\":[{\"capJavaField\":\"Id\",\"columnComment\":\"主键\",\"columnId\":136,\"columnName\":\"id\",\"columnType\":\"int(11)\",\"createBy\":\"admin\",\"createTime\":\"2023-09-06 16:35:44\",\"dictType\":\"\",\"edit\":false,\"htmlType\":\"input\",\"increment\":true,\"insert\":true,\"isIncrement\":\"1\",\"isInsert\":\"1\",\"isPk\":\"1\",\"javaField\":\"id\",\"javaType\":\"Long\",\"list\":false,\"params\":{},\"pk\":true,\"query\":false,\"queryType\":\"EQ\",\"required\":false,\"sort\":1,\"superColumn\":false,\"tableId\":13,\"updateBy\":\"\",\"usableColumn\":false},{\"capJavaField\":\"BillId\",\"columnComment\":\"订单编号\",\"columnId\":137,\"columnName\":\"bill_id\",\"columnType\":\"varchar(255)\",\"createBy\":\"admin\",\"createTime\":\"2023-09-06 16:35:44\",\"dictType\":\"\",\"edit\":true,\"htmlType\":\"input\",\"increment\":false,\"insert\":true,\"isEdit\":\"1\",\"isIncrement\":\"0\",\"isInsert\":\"1\",\"isList\":\"1\",\"isPk\":\"0\",\"isQuery\":\"1\",\"javaField\":\"billId\",\"javaType\":\"String\",\"list\":true,\"params\":{},\"pk\":false,\"query\":true,\"queryType\":\"EQ\",\"required\":false,\"sort\":2,\"superColumn\":false,\"tableId\":13,\"updateBy\":\"\",\"usableColumn\":false},{\"capJavaField\":\"Electricity\",\"columnComment\":\"电源\",\"columnId\":138,\"columnName\":\"electricity\",\"columnType\":\"decimal(10,0)\",\"createBy\":\"admin\",\"createTime\":\"2023-09-06 16:35:44\",\"dictType\":\"\",\"edit\":true,\"htmlType\":\"input\",\"increment\":false,\"insert\":true,\"isEdit\":\"1\",\"isIncrement\":\"0\",\"isInsert\":\"1\",\"isList\":\"1\",\"isPk\":\"0\",\"isQuery\":\"1\",\"javaField\":\"electricity\",\"javaType\":\"Long\",\"list\":true,\"params\":{},\"pk\":false,\"query\":true,\"queryType\":\"EQ\",\"required\":false,\"sort\":3,\"superColumn\":false,\"tableId\":13,\"updateBy\":\"\",\"usableColumn\":false},{\"capJavaField\":\"Voltage\",\"columnComment\":\"电压\",\"columnId\":139,\"columnName\":\"voltage\",\"columnType\":\"decimal(10,0)\",\"createBy\":\"admin\",\"createTime\":\"2023-09-06 16:35:44\",\"dictType\":\"\",\"edit\":true,\"htmlType\":\"input\",\"increment\":false,\"insert\":true,\"isEdit\":\"1\",\"isIncrement\":\"0\",\"isInsert\":\"1\",\"isList\":\"1\",\"isPk\":\"0\",\"isQuery\":\"1\",\"javaField\":\"voltage\",\"javaType\":\"Long\",\"list\":true,\"par','{\"msg\":\"操作成功\",\"code\":200}',0,NULL,'2023-09-06 16:47:14'),(131,'代码生成',2,'com.ruoyi.generator.controller.GenController.editSave()','PUT',1,'admin',NULL,'/tool/gen','127.0.0.1','内网IP','{\"businessName\":\"rule\",\"className\":\"ChargingCostRule\",\"columns\":[{\"capJavaField\":\"Id\",\"columnComment\":\"编号\",\"columnId\":144,\"columnName\":\"id\",\"columnType\":\"int(11)\",\"createBy\":\"admin\",\"createTime\":\"2023-09-06 16:37:29\",\"dictType\":\"\",\"edit\":false,\"htmlType\":\"input\",\"increment\":true,\"insert\":true,\"isIncrement\":\"1\",\"isInsert\":\"1\",\"isPk\":\"1\",\"javaField\":\"id\",\"javaType\":\"Long\",\"list\":false,\"params\":{},\"pk\":true,\"query\":false,\"queryType\":\"EQ\",\"required\":false,\"sort\":1,\"superColumn\":false,\"tableId\":14,\"updateBy\":\"\",\"usableColumn\":false},{\"capJavaField\":\"StationId\",\"columnComment\":\"充电站编号\",\"columnId\":145,\"columnName\":\"station_id\",\"columnType\":\"int(11)\",\"createBy\":\"admin\",\"createTime\":\"2023-09-06 16:37:29\",\"dictType\":\"\",\"edit\":true,\"htmlType\":\"input\",\"increment\":false,\"insert\":true,\"isEdit\":\"1\",\"isIncrement\":\"0\",\"isInsert\":\"1\",\"isList\":\"1\",\"isPk\":\"0\",\"isQuery\":\"1\",\"javaField\":\"stationId\",\"javaType\":\"Long\",\"list\":true,\"params\":{},\"pk\":false,\"query\":true,\"queryType\":\"EQ\",\"required\":false,\"sort\":2,\"superColumn\":false,\"tableId\":14,\"updateBy\":\"\",\"usableColumn\":false},{\"capJavaField\":\"Name\",\"columnComment\":\"计费名称\",\"columnId\":146,\"columnName\":\"name\",\"columnType\":\"varchar(128)\",\"createBy\":\"admin\",\"createTime\":\"2023-09-06 16:37:29\",\"dictType\":\"\",\"edit\":true,\"htmlType\":\"input\",\"increment\":false,\"insert\":true,\"isEdit\":\"1\",\"isIncrement\":\"0\",\"isInsert\":\"1\",\"isList\":\"1\",\"isPk\":\"0\",\"isQuery\":\"1\",\"javaField\":\"name\",\"javaType\":\"String\",\"list\":true,\"params\":{},\"pk\":false,\"query\":true,\"queryType\":\"LIKE\",\"required\":false,\"sort\":3,\"superColumn\":false,\"tableId\":14,\"updateBy\":\"\",\"usableColumn\":false},{\"capJavaField\":\"StartTime\",\"columnComment\":\"起始时间\",\"columnId\":147,\"columnName\":\"start_time\",\"columnType\":\"int(11)\",\"createBy\":\"admin\",\"createTime\":\"2023-09-06 16:37:29\",\"dictType\":\"\",\"edit\":true,\"htmlType\":\"input\",\"increment\":false,\"insert\":true,\"isEdit\":\"1\",\"isIncrement\":\"0\",\"isInsert\":\"1\",\"isList\":\"1\",\"isPk\":\"0\",\"isQuery\":\"1\",\"javaField\":\"startTime\",\"javaType\":\"Long\",\"list\":true,\"params\":{},\"pk\":false,\"','{\"msg\":\"操作成功\",\"code\":200}',0,NULL,'2023-09-06 16:47:55'),(132,'代码生成',8,'com.ruoyi.generator.controller.GenController.batchGenCode()','GET',1,'admin',NULL,'/tool/gen/batchGenCode','127.0.0.1','内网IP','{}',NULL,0,NULL,'2023-09-06 16:53:20'),(133,'代码生成',2,'com.ruoyi.generator.controller.GenController.editSave()','PUT',1,'admin',NULL,'/tool/gen','127.0.0.1','内网IP','{\"businessName\":\"admin\",\"className\":\"ChargingAdmin\",\"columns\":[{\"capJavaField\":\"Id\",\"columnComment\":\"编号\",\"columnId\":1,\"columnName\":\"id\",\"columnType\":\"int(11)\",\"createBy\":\"admin\",\"createTime\":\"2023-06-15 10:32:51\",\"dictType\":\"\",\"edit\":false,\"htmlType\":\"input\",\"increment\":true,\"insert\":true,\"isIncrement\":\"1\",\"isInsert\":\"1\",\"isPk\":\"1\",\"javaField\":\"id\",\"javaType\":\"Long\",\"list\":false,\"params\":{},\"pk\":true,\"query\":false,\"queryType\":\"EQ\",\"required\":false,\"sort\":1,\"superColumn\":false,\"tableId\":1,\"updateBy\":\"\",\"updateTime\":\"2023-09-06 16:41:33\",\"usableColumn\":false},{\"capJavaField\":\"Adminname\",\"columnComment\":\"管理员名称\",\"columnId\":2,\"columnName\":\"adminname\",\"columnType\":\"varchar(50)\",\"createBy\":\"admin\",\"createTime\":\"2023-06-15 10:32:51\",\"dictType\":\"\",\"edit\":true,\"htmlType\":\"input\",\"increment\":false,\"insert\":true,\"isEdit\":\"1\",\"isIncrement\":\"0\",\"isInsert\":\"1\",\"isList\":\"1\",\"isPk\":\"0\",\"isQuery\":\"1\",\"javaField\":\"adminname\",\"javaType\":\"String\",\"list\":true,\"params\":{},\"pk\":false,\"query\":true,\"queryType\":\"LIKE\",\"required\":false,\"sort\":2,\"superColumn\":false,\"tableId\":1,\"updateBy\":\"\",\"updateTime\":\"2023-09-06 16:41:33\",\"usableColumn\":false},{\"capJavaField\":\"Password\",\"columnComment\":\"管理员密码\",\"columnId\":3,\"columnName\":\"password\",\"columnType\":\"varchar(50)\",\"createBy\":\"admin\",\"createTime\":\"2023-06-15 10:32:51\",\"dictType\":\"\",\"edit\":true,\"htmlType\":\"input\",\"increment\":false,\"insert\":true,\"isEdit\":\"1\",\"isIncrement\":\"0\",\"isInsert\":\"1\",\"isList\":\"1\",\"isPk\":\"0\",\"isQuery\":\"1\",\"javaField\":\"password\",\"javaType\":\"String\",\"list\":true,\"params\":{},\"pk\":false,\"query\":true,\"queryType\":\"EQ\",\"required\":false,\"sort\":3,\"superColumn\":false,\"tableId\":1,\"updateBy\":\"\",\"updateTime\":\"2023-09-06 16:41:33\",\"usableColumn\":false},{\"capJavaField\":\"CreateTime\",\"columnComment\":\"创建时间\",\"columnId\":4,\"columnName\":\"create_time\",\"columnType\":\"timestamp\",\"createBy\":\"admin\",\"createTime\":\"2023-06-15 10:32:51\",\"dictType\":\"\",\"edit\":false,\"htmlType\":\"datetime\",\"increment\":false,\"insert\":true,\"isIncrement\":\"0\",\"isInsert\":\"1\",\"isPk\":\"0\",\"','{\"msg\":\"操作成功\",\"code\":200}',0,NULL,'2023-09-06 17:08:06'),(134,'代码生成',2,'com.ruoyi.generator.controller.GenController.editSave()','PUT',1,'admin',NULL,'/tool/gen','127.0.0.1','内网IP','{\"businessName\":\"fail\",\"className\":\"ChargingBillFail\",\"columns\":[{\"capJavaField\":\"Id\",\"columnComment\":\"编号\",\"columnId\":7,\"columnName\":\"id\",\"columnType\":\"int(10)\",\"createBy\":\"admin\",\"createTime\":\"2023-06-15 10:32:52\",\"dictType\":\"\",\"edit\":false,\"htmlType\":\"input\",\"increment\":true,\"insert\":true,\"isIncrement\":\"1\",\"isInsert\":\"1\",\"isPk\":\"1\",\"javaField\":\"id\",\"javaType\":\"Integer\",\"list\":false,\"params\":{},\"pk\":true,\"query\":false,\"queryType\":\"EQ\",\"required\":false,\"sort\":1,\"superColumn\":false,\"tableId\":2,\"updateBy\":\"\",\"updateTime\":\"2023-09-06 16:41:58\",\"usableColumn\":false},{\"capJavaField\":\"BillNumber\",\"columnComment\":\"订单号\",\"columnId\":8,\"columnName\":\"bill_number\",\"columnType\":\"varchar(50)\",\"createBy\":\"admin\",\"createTime\":\"2023-06-15 10:32:52\",\"dictType\":\"\",\"edit\":true,\"htmlType\":\"input\",\"increment\":false,\"insert\":true,\"isEdit\":\"1\",\"isIncrement\":\"0\",\"isInsert\":\"1\",\"isList\":\"1\",\"isPk\":\"0\",\"isQuery\":\"1\",\"isRequired\":\"1\",\"javaField\":\"billNumber\",\"javaType\":\"String\",\"list\":true,\"params\":{},\"pk\":false,\"query\":true,\"queryType\":\"EQ\",\"required\":true,\"sort\":2,\"superColumn\":false,\"tableId\":2,\"updateBy\":\"\",\"updateTime\":\"2023-09-06 16:41:58\",\"usableColumn\":false},{\"capJavaField\":\"UserId\",\"columnComment\":\"用户ID\",\"columnId\":9,\"columnName\":\"user_id\",\"columnType\":\"int(10)\",\"createBy\":\"admin\",\"createTime\":\"2023-06-15 10:32:52\",\"dictType\":\"\",\"edit\":true,\"htmlType\":\"input\",\"increment\":false,\"insert\":true,\"isEdit\":\"1\",\"isIncrement\":\"0\",\"isInsert\":\"1\",\"isList\":\"1\",\"isPk\":\"0\",\"isQuery\":\"1\",\"javaField\":\"userId\",\"javaType\":\"Integer\",\"list\":true,\"params\":{},\"pk\":false,\"query\":true,\"queryType\":\"EQ\",\"required\":false,\"sort\":3,\"superColumn\":false,\"tableId\":2,\"updateBy\":\"\",\"updateTime\":\"2023-09-06 16:41:58\",\"usableColumn\":false},{\"capJavaField\":\"OperatorId\",\"columnComment\":\"运营商ID\",\"columnId\":10,\"columnName\":\"operator_id\",\"columnType\":\"int(10)\",\"createBy\":\"admin\",\"createTime\":\"2023-06-15 10:32:52\",\"dictType\":\"\",\"edit\":true,\"htmlType\":\"input\",\"increment\":false,\"insert\":true,\"isEdit\":\"1\",\"isIncrement\":\"0\",\"isIns','{\"msg\":\"操作成功\",\"code\":200}',0,NULL,'2023-09-06 17:08:19'),(135,'代码生成',2,'com.ruoyi.generator.controller.GenController.editSave()','PUT',1,'admin',NULL,'/tool/gen','127.0.0.1','内网IP','{\"businessName\":\"progress\",\"className\":\"ChargingBillPrgress\",\"columns\":[{\"capJavaField\":\"Id\",\"columnComment\":\"编号\",\"columnId\":16,\"columnName\":\"id\",\"columnType\":\"int(10)\",\"createBy\":\"admin\",\"createTime\":\"2023-06-15 10:32:52\",\"dictType\":\"\",\"edit\":false,\"htmlType\":\"input\",\"increment\":true,\"insert\":true,\"isIncrement\":\"1\",\"isInsert\":\"1\",\"isPk\":\"1\",\"javaField\":\"id\",\"javaType\":\"Integer\",\"list\":false,\"params\":{},\"pk\":true,\"query\":false,\"queryType\":\"EQ\",\"required\":false,\"sort\":1,\"superColumn\":false,\"tableId\":3,\"updateBy\":\"\",\"updateTime\":\"2023-09-06 16:42:26\",\"usableColumn\":false},{\"capJavaField\":\"BillNumber\",\"columnComment\":\"订单号\",\"columnId\":17,\"columnName\":\"bill_number\",\"columnType\":\"varchar(10)\",\"createBy\":\"admin\",\"createTime\":\"2023-06-15 10:32:52\",\"dictType\":\"\",\"edit\":false,\"htmlType\":\"input\",\"increment\":false,\"insert\":true,\"isIncrement\":\"0\",\"isInsert\":\"1\",\"isPk\":\"1\",\"javaField\":\"billNumber\",\"javaType\":\"String\",\"list\":false,\"params\":{},\"pk\":true,\"query\":false,\"queryType\":\"EQ\",\"required\":false,\"sort\":2,\"superColumn\":false,\"tableId\":3,\"updateBy\":\"\",\"updateTime\":\"2023-09-06 16:42:26\",\"usableColumn\":false},{\"capJavaField\":\"ChargingCapacity\",\"columnComment\":\"充电量（kwh）\",\"columnId\":18,\"columnName\":\"charging_capacity\",\"columnType\":\"int(3)\",\"createBy\":\"admin\",\"createTime\":\"2023-06-15 10:32:52\",\"dictType\":\"\",\"edit\":true,\"htmlType\":\"input\",\"increment\":false,\"insert\":true,\"isEdit\":\"1\",\"isIncrement\":\"0\",\"isInsert\":\"1\",\"isList\":\"1\",\"isPk\":\"0\",\"isQuery\":\"1\",\"javaField\":\"chargingCapacity\",\"javaType\":\"Integer\",\"list\":true,\"params\":{},\"pk\":false,\"query\":true,\"queryType\":\"EQ\",\"required\":false,\"sort\":3,\"superColumn\":false,\"tableId\":3,\"updateBy\":\"\",\"updateTime\":\"2023-09-06 16:42:26\",\"usableColumn\":false},{\"capJavaField\":\"BatteryTemperature\",\"columnComment\":\"电池温度\",\"columnId\":19,\"columnName\":\"battery_temperature\",\"columnType\":\"decimal(9,4)\",\"createBy\":\"admin\",\"createTime\":\"2023-06-15 10:32:52\",\"dictType\":\"\",\"edit\":true,\"htmlType\":\"input\",\"increment\":false,\"insert\":true,\"isEdit\":\"1\",\"isIncrement\":\"','{\"msg\":\"操作成功\",\"code\":200}',0,NULL,'2023-09-06 17:08:30'),(136,'代码生成',2,'com.ruoyi.generator.controller.GenController.editSave()','PUT',1,'admin',NULL,'/tool/gen','127.0.0.1','内网IP','{\"businessName\":\"succes\",\"className\":\"ChargingBillSucces\",\"columns\":[{\"capJavaField\":\"Id\",\"columnComment\":\"编号\",\"columnId\":29,\"columnName\":\"id\",\"columnType\":\"int(10)\",\"createBy\":\"admin\",\"createTime\":\"2023-06-15 10:32:52\",\"dictType\":\"\",\"edit\":false,\"htmlType\":\"input\",\"increment\":true,\"insert\":true,\"isIncrement\":\"1\",\"isInsert\":\"1\",\"isPk\":\"1\",\"javaField\":\"id\",\"javaType\":\"Integer\",\"list\":false,\"params\":{},\"pk\":true,\"query\":false,\"queryType\":\"EQ\",\"required\":false,\"sort\":1,\"superColumn\":false,\"tableId\":5,\"updateBy\":\"\",\"updateTime\":\"2023-09-06 16:42:43\",\"usableColumn\":false},{\"capJavaField\":\"BillNumber\",\"columnComment\":\"订单号\",\"columnId\":30,\"columnName\":\"bill_number\",\"columnType\":\"varchar(10)\",\"createBy\":\"admin\",\"createTime\":\"2023-06-15 10:32:52\",\"dictType\":\"\",\"edit\":false,\"htmlType\":\"input\",\"increment\":false,\"insert\":true,\"isIncrement\":\"0\",\"isInsert\":\"1\",\"isPk\":\"1\",\"javaField\":\"billNumber\",\"javaType\":\"String\",\"list\":false,\"params\":{},\"pk\":true,\"query\":false,\"queryType\":\"EQ\",\"required\":false,\"sort\":2,\"superColumn\":false,\"tableId\":5,\"updateBy\":\"\",\"updateTime\":\"2023-09-06 16:42:43\",\"usableColumn\":false},{\"capJavaField\":\"ChargingCapacity\",\"columnComment\":\"充电量（kwh）\",\"columnId\":31,\"columnName\":\"charging_capacity\",\"columnType\":\"int(3)\",\"createBy\":\"admin\",\"createTime\":\"2023-06-15 10:32:52\",\"dictType\":\"\",\"edit\":true,\"htmlType\":\"input\",\"increment\":false,\"insert\":true,\"isEdit\":\"1\",\"isIncrement\":\"0\",\"isInsert\":\"1\",\"isList\":\"1\",\"isPk\":\"0\",\"isQuery\":\"1\",\"javaField\":\"chargingCapacity\",\"javaType\":\"Integer\",\"list\":true,\"params\":{},\"pk\":false,\"query\":true,\"queryType\":\"EQ\",\"required\":false,\"sort\":3,\"superColumn\":false,\"tableId\":5,\"updateBy\":\"\",\"updateTime\":\"2023-09-06 16:42:43\",\"usableColumn\":false},{\"capJavaField\":\"ElectricMoney\",\"columnComment\":\"电费\",\"columnId\":32,\"columnName\":\"electric_money\",\"columnType\":\"decimal(8,3)\",\"createBy\":\"admin\",\"createTime\":\"2023-06-15 10:32:52\",\"dictType\":\"\",\"edit\":true,\"htmlType\":\"input\",\"increment\":false,\"insert\":true,\"isEdit\":\"1\",\"isIncrement\":\"0\",\"isInsert\":\"','{\"msg\":\"操作成功\",\"code\":200}',0,NULL,'2023-09-06 17:08:42'),(137,'代码生成',2,'com.ruoyi.generator.controller.GenController.editSave()','PUT',1,'admin',NULL,'/tool/gen','127.0.0.1','内网IP','{\"businessName\":\"info\",\"className\":\"ChargingGunInfo\",\"columns\":[{\"capJavaField\":\"Id\",\"columnComment\":\"编号\",\"columnId\":48,\"columnName\":\"id\",\"columnType\":\"int(11)\",\"createBy\":\"admin\",\"createTime\":\"2023-06-15 10:32:52\",\"dictType\":\"\",\"edit\":false,\"htmlType\":\"input\",\"increment\":true,\"insert\":true,\"isIncrement\":\"1\",\"isInsert\":\"1\",\"isPk\":\"1\",\"javaField\":\"id\",\"javaType\":\"Long\",\"list\":false,\"params\":{},\"pk\":true,\"query\":false,\"queryType\":\"EQ\",\"required\":false,\"sort\":1,\"superColumn\":false,\"tableId\":6,\"updateBy\":\"\",\"updateTime\":\"2023-09-06 16:43:04\",\"usableColumn\":false},{\"capJavaField\":\"GunNumber\",\"columnComment\":\"枪编号\",\"columnId\":49,\"columnName\":\"gun_number\",\"columnType\":\"char(1)\",\"createBy\":\"admin\",\"createTime\":\"2023-06-15 10:32:52\",\"dictType\":\"\",\"edit\":true,\"htmlType\":\"input\",\"increment\":false,\"insert\":true,\"isEdit\":\"1\",\"isIncrement\":\"0\",\"isInsert\":\"1\",\"isList\":\"1\",\"isPk\":\"0\",\"isQuery\":\"1\",\"isRequired\":\"1\",\"javaField\":\"gunNumber\",\"javaType\":\"String\",\"list\":true,\"params\":{},\"pk\":false,\"query\":true,\"queryType\":\"EQ\",\"required\":true,\"sort\":2,\"superColumn\":false,\"tableId\":6,\"updateBy\":\"\",\"updateTime\":\"2023-09-06 16:43:04\",\"usableColumn\":false},{\"capJavaField\":\"GunName\",\"columnComment\":\"枪名称\",\"columnId\":50,\"columnName\":\"gun_name\",\"columnType\":\"varchar(10)\",\"createBy\":\"admin\",\"createTime\":\"2023-06-15 10:32:52\",\"dictType\":\"\",\"edit\":true,\"htmlType\":\"input\",\"increment\":false,\"insert\":true,\"isEdit\":\"1\",\"isIncrement\":\"0\",\"isInsert\":\"1\",\"isList\":\"1\",\"isPk\":\"0\",\"isQuery\":\"1\",\"javaField\":\"gunName\",\"javaType\":\"String\",\"list\":true,\"params\":{},\"pk\":false,\"query\":true,\"queryType\":\"LIKE\",\"required\":false,\"sort\":3,\"superColumn\":false,\"tableId\":6,\"updateBy\":\"\",\"updateTime\":\"2023-09-06 16:43:04\",\"usableColumn\":false},{\"capJavaField\":\"Power\",\"columnComment\":\"额定功率 KW\",\"columnId\":51,\"columnName\":\"power\",\"columnType\":\"decimal(9,4)\",\"createBy\":\"admin\",\"createTime\":\"2023-06-15 10:32:52\",\"dictType\":\"\",\"edit\":true,\"htmlType\":\"input\",\"increment\":false,\"insert\":true,\"isEdit\":\"1\",\"isIncrement\":\"0\",\"isInsert\":','{\"msg\":\"操作成功\",\"code\":200}',0,NULL,'2023-09-06 17:08:55'),(138,'代码生成',2,'com.ruoyi.generator.controller.GenController.editSave()','PUT',1,'admin',NULL,'/tool/gen','127.0.0.1','内网IP','{\"businessName\":\"operatorInfo\",\"className\":\"ChargingOperatorInfo\",\"columns\":[{\"capJavaField\":\"Id\",\"columnComment\":\"编号\",\"columnId\":61,\"columnName\":\"id\",\"columnType\":\"int(10)\",\"createBy\":\"admin\",\"createTime\":\"2023-06-15 10:32:52\",\"dictType\":\"\",\"edit\":false,\"htmlType\":\"input\",\"increment\":true,\"insert\":true,\"isIncrement\":\"1\",\"isInsert\":\"1\",\"isPk\":\"1\",\"javaField\":\"id\",\"javaType\":\"Integer\",\"list\":false,\"params\":{},\"pk\":true,\"query\":false,\"queryType\":\"EQ\",\"required\":false,\"sort\":1,\"superColumn\":false,\"tableId\":7,\"updateBy\":\"\",\"updateTime\":\"2023-09-06 16:43:23\",\"usableColumn\":false},{\"capJavaField\":\"OperatorNumber\",\"columnComment\":\"运营商编号\",\"columnId\":62,\"columnName\":\"operator_number\",\"columnType\":\"varchar(10)\",\"createBy\":\"admin\",\"createTime\":\"2023-06-15 10:32:52\",\"dictType\":\"\",\"edit\":true,\"htmlType\":\"input\",\"increment\":false,\"insert\":true,\"isEdit\":\"1\",\"isIncrement\":\"0\",\"isInsert\":\"1\",\"isList\":\"1\",\"isPk\":\"0\",\"isQuery\":\"1\",\"isRequired\":\"1\",\"javaField\":\"operatorNumber\",\"javaType\":\"String\",\"list\":true,\"params\":{},\"pk\":false,\"query\":true,\"queryType\":\"EQ\",\"required\":true,\"sort\":2,\"superColumn\":false,\"tableId\":7,\"updateBy\":\"\",\"updateTime\":\"2023-09-06 16:43:23\",\"usableColumn\":false},{\"capJavaField\":\"OperatorName\",\"columnComment\":\"运营商名称\",\"columnId\":63,\"columnName\":\"operator_name\",\"columnType\":\"varchar(50)\",\"createBy\":\"admin\",\"createTime\":\"2023-06-15 10:32:52\",\"dictType\":\"\",\"edit\":true,\"htmlType\":\"input\",\"increment\":false,\"insert\":true,\"isEdit\":\"1\",\"isIncrement\":\"0\",\"isInsert\":\"1\",\"isList\":\"1\",\"isPk\":\"0\",\"isQuery\":\"1\",\"javaField\":\"operatorName\",\"javaType\":\"String\",\"list\":true,\"params\":{},\"pk\":false,\"query\":true,\"queryType\":\"LIKE\",\"required\":false,\"sort\":3,\"superColumn\":false,\"tableId\":7,\"updateBy\":\"\",\"updateTime\":\"2023-09-06 16:43:23\",\"usableColumn\":false},{\"capJavaField\":\"Business\",\"columnComment\":\"经营业务\",\"columnId\":64,\"columnName\":\"business\",\"columnType\":\"varchar(50)\",\"createBy\":\"admin\",\"createTime\":\"2023-06-15 10:32:52\",\"dictType\":\"\",\"edit\":true,\"htmlType\":\"input\",\"increment\":false,','{\"msg\":\"操作成功\",\"code\":200}',0,NULL,'2023-09-06 17:09:11'),(139,'代码生成',2,'com.ruoyi.generator.controller.GenController.editSave()','PUT',1,'admin',NULL,'/tool/gen','127.0.0.1','内网IP','{\"businessName\":\"pileInfo\",\"className\":\"ChargingPileInfo\",\"columns\":[{\"capJavaField\":\"Id\",\"columnComment\":\"编号\",\"columnId\":73,\"columnName\":\"id\",\"columnType\":\"int(10)\",\"createBy\":\"admin\",\"createTime\":\"2023-06-15 10:32:52\",\"dictType\":\"\",\"edit\":false,\"htmlType\":\"input\",\"increment\":true,\"insert\":true,\"isIncrement\":\"1\",\"isInsert\":\"1\",\"isPk\":\"1\",\"javaField\":\"id\",\"javaType\":\"Integer\",\"list\":false,\"params\":{},\"pk\":true,\"query\":false,\"queryType\":\"EQ\",\"required\":false,\"sort\":1,\"superColumn\":false,\"tableId\":8,\"updateBy\":\"\",\"updateTime\":\"2023-09-06 16:43:41\",\"usableColumn\":false},{\"capJavaField\":\"PileNumber\",\"columnComment\":\"桩编号\",\"columnId\":74,\"columnName\":\"pile_number\",\"columnType\":\"char(10)\",\"createBy\":\"admin\",\"createTime\":\"2023-06-15 10:32:52\",\"dictType\":\"\",\"edit\":true,\"htmlType\":\"input\",\"increment\":false,\"insert\":true,\"isEdit\":\"1\",\"isIncrement\":\"0\",\"isInsert\":\"1\",\"isList\":\"1\",\"isPk\":\"0\",\"isQuery\":\"1\",\"isRequired\":\"1\",\"javaField\":\"pileNumber\",\"javaType\":\"String\",\"list\":true,\"params\":{},\"pk\":false,\"query\":true,\"queryType\":\"EQ\",\"required\":true,\"sort\":2,\"superColumn\":false,\"tableId\":8,\"updateBy\":\"\",\"updateTime\":\"2023-09-06 16:43:41\",\"usableColumn\":false},{\"capJavaField\":\"PileName\",\"columnComment\":\"桩名称\",\"columnId\":75,\"columnName\":\"pile_name\",\"columnType\":\"varchar(10)\",\"createBy\":\"admin\",\"createTime\":\"2023-06-15 10:32:52\",\"dictType\":\"\",\"edit\":true,\"htmlType\":\"input\",\"increment\":false,\"insert\":true,\"isEdit\":\"1\",\"isIncrement\":\"0\",\"isInsert\":\"1\",\"isList\":\"1\",\"isPk\":\"0\",\"isQuery\":\"1\",\"javaField\":\"pileName\",\"javaType\":\"String\",\"list\":true,\"params\":{},\"pk\":false,\"query\":true,\"queryType\":\"LIKE\",\"required\":false,\"sort\":3,\"superColumn\":false,\"tableId\":8,\"updateBy\":\"\",\"updateTime\":\"2023-09-06 16:43:41\",\"usableColumn\":false},{\"capJavaField\":\"GunInfos\",\"columnComment\":\"枪编号[]\",\"columnId\":76,\"columnName\":\"gun_infos\",\"columnType\":\"varchar(10)\",\"createBy\":\"admin\",\"createTime\":\"2023-06-15 10:32:52\",\"dictType\":\"\",\"edit\":true,\"htmlType\":\"input\",\"increment\":false,\"insert\":true,\"isEdit\":\"1\",\"isIncreme','{\"msg\":\"操作成功\",\"code\":200}',0,NULL,'2023-09-06 17:09:27'),(140,'代码生成',2,'com.ruoyi.generator.controller.GenController.editSave()','PUT',1,'admin',NULL,'/tool/gen','127.0.0.1','内网IP','{\"businessName\":\"station\",\"className\":\"ChargingStation\",\"columns\":[{\"capJavaField\":\"Id\",\"columnComment\":\"主ID\",\"columnId\":88,\"columnName\":\"id\",\"columnType\":\"int(10)\",\"createBy\":\"admin\",\"createTime\":\"2023-06-15 10:32:52\",\"dictType\":\"\",\"edit\":false,\"htmlType\":\"input\",\"increment\":true,\"insert\":true,\"isIncrement\":\"1\",\"isInsert\":\"1\",\"isPk\":\"1\",\"javaField\":\"id\",\"javaType\":\"Integer\",\"list\":false,\"params\":{},\"pk\":true,\"query\":false,\"queryType\":\"EQ\",\"required\":false,\"sort\":1,\"superColumn\":false,\"tableId\":9,\"updateBy\":\"\",\"updateTime\":\"2023-09-06 16:44:01\",\"usableColumn\":false},{\"capJavaField\":\"StationCode\",\"columnComment\":\"站场编码\",\"columnId\":89,\"columnName\":\"station_code\",\"columnType\":\"char(10)\",\"createBy\":\"admin\",\"createTime\":\"2023-06-15 10:32:52\",\"dictType\":\"\",\"edit\":true,\"htmlType\":\"input\",\"increment\":false,\"insert\":true,\"isEdit\":\"1\",\"isIncrement\":\"0\",\"isInsert\":\"1\",\"isList\":\"1\",\"isPk\":\"0\",\"isQuery\":\"1\",\"isRequired\":\"1\",\"javaField\":\"stationCode\",\"javaType\":\"String\",\"list\":true,\"params\":{},\"pk\":false,\"query\":true,\"queryType\":\"EQ\",\"required\":true,\"sort\":2,\"superColumn\":false,\"tableId\":9,\"updateBy\":\"\",\"updateTime\":\"2023-09-06 16:44:01\",\"usableColumn\":false},{\"capJavaField\":\"StationName\",\"columnComment\":\"场站名称\",\"columnId\":90,\"columnName\":\"station_name\",\"columnType\":\"varchar(50)\",\"createBy\":\"admin\",\"createTime\":\"2023-06-15 10:32:52\",\"dictType\":\"\",\"edit\":true,\"htmlType\":\"input\",\"increment\":false,\"insert\":true,\"isEdit\":\"1\",\"isIncrement\":\"0\",\"isInsert\":\"1\",\"isList\":\"1\",\"isPk\":\"0\",\"isQuery\":\"1\",\"javaField\":\"stationName\",\"javaType\":\"String\",\"list\":true,\"params\":{},\"pk\":false,\"query\":true,\"queryType\":\"LIKE\",\"required\":false,\"sort\":3,\"superColumn\":false,\"tableId\":9,\"updateBy\":\"\",\"updateTime\":\"2023-09-06 16:44:01\",\"usableColumn\":false},{\"capJavaField\":\"DeviceNumber\",\"columnComment\":\"充电桩数\",\"columnId\":91,\"columnName\":\"device_number\",\"columnType\":\"int(10)\",\"createBy\":\"admin\",\"createTime\":\"2023-06-15 10:32:52\",\"dictType\":\"\",\"edit\":true,\"htmlType\":\"input\",\"increment\":false,\"insert\":true,\"isEdit','{\"msg\":\"操作成功\",\"code\":200}',0,NULL,'2023-09-06 17:09:38'),(141,'代码生成',2,'com.ruoyi.generator.controller.GenController.editSave()','PUT',1,'admin',NULL,'/tool/gen','127.0.0.1','内网IP','{\"businessName\":\"userInfo\",\"className\":\"ChargingUserInfo\",\"columns\":[{\"capJavaField\":\"Id\",\"columnComment\":\"编号\",\"columnId\":110,\"columnName\":\"id\",\"columnType\":\"int(10)\",\"createBy\":\"admin\",\"createTime\":\"2023-06-15 10:32:52\",\"dictType\":\"\",\"edit\":false,\"htmlType\":\"input\",\"increment\":true,\"insert\":true,\"isIncrement\":\"1\",\"isInsert\":\"1\",\"isPk\":\"1\",\"javaField\":\"id\",\"javaType\":\"Integer\",\"list\":false,\"params\":{},\"pk\":true,\"query\":false,\"queryType\":\"EQ\",\"required\":false,\"sort\":1,\"superColumn\":false,\"tableId\":10,\"updateBy\":\"\",\"updateTime\":\"2023-09-06 16:44:17\",\"usableColumn\":false},{\"capJavaField\":\"Balance\",\"columnComment\":\"余额\",\"columnId\":111,\"columnName\":\"balance\",\"columnType\":\"decimal(9,2)\",\"createBy\":\"admin\",\"createTime\":\"2023-06-15 10:32:52\",\"dictType\":\"\",\"edit\":true,\"htmlType\":\"input\",\"increment\":false,\"insert\":true,\"isEdit\":\"1\",\"isIncrement\":\"0\",\"isInsert\":\"1\",\"isList\":\"1\",\"isPk\":\"0\",\"isQuery\":\"1\",\"javaField\":\"balance\",\"javaType\":\"BigDecimal\",\"list\":true,\"params\":{},\"pk\":false,\"query\":true,\"queryType\":\"EQ\",\"required\":false,\"sort\":2,\"superColumn\":false,\"tableId\":10,\"updateBy\":\"\",\"updateTime\":\"2023-09-06 16:44:17\",\"usableColumn\":false},{\"capJavaField\":\"Username\",\"columnComment\":\"用户姓名\",\"columnId\":112,\"columnName\":\"username\",\"columnType\":\"varchar(50)\",\"createBy\":\"admin\",\"createTime\":\"2023-06-15 10:32:52\",\"dictType\":\"\",\"edit\":true,\"htmlType\":\"input\",\"increment\":false,\"insert\":true,\"isEdit\":\"1\",\"isIncrement\":\"0\",\"isInsert\":\"1\",\"isList\":\"1\",\"isPk\":\"0\",\"isQuery\":\"1\",\"javaField\":\"username\",\"javaType\":\"String\",\"list\":true,\"params\":{},\"pk\":false,\"query\":true,\"queryType\":\"LIKE\",\"required\":false,\"sort\":3,\"superColumn\":false,\"tableId\":10,\"updateBy\":\"\",\"updateTime\":\"2023-09-06 16:44:17\",\"usableColumn\":false},{\"capJavaField\":\"Gender\",\"columnComment\":\"性别\",\"columnId\":113,\"columnName\":\"gender\",\"columnType\":\"enum(\'男\',\'女\')\",\"createBy\":\"admin\",\"createTime\":\"2023-06-15 10:32:52\",\"dictType\":\"\",\"edit\":true,\"increment\":false,\"insert\":true,\"isEdit\":\"1\",\"isIncrement\":\"0\",\"isInsert\":\"1\",\"isList\":\"1\",\"','{\"msg\":\"操作成功\",\"code\":200}',0,NULL,'2023-09-06 17:09:48'),(142,'代码生成',2,'com.ruoyi.generator.controller.GenController.editSave()','PUT',1,'admin',NULL,'/tool/gen','127.0.0.1','内网IP','{\"businessName\":\"bind\",\"className\":\"ChargingUserVehicleBind\",\"columns\":[{\"capJavaField\":\"Id\",\"columnComment\":\"编号\",\"columnId\":121,\"columnName\":\"id\",\"columnType\":\"int(11)\",\"createBy\":\"admin\",\"createTime\":\"2023-06-15 10:32:52\",\"dictType\":\"\",\"edit\":false,\"htmlType\":\"input\",\"increment\":true,\"insert\":true,\"isIncrement\":\"1\",\"isInsert\":\"1\",\"isPk\":\"1\",\"javaField\":\"id\",\"javaType\":\"Long\",\"list\":false,\"params\":{},\"pk\":true,\"query\":false,\"queryType\":\"EQ\",\"required\":false,\"sort\":1,\"superColumn\":false,\"tableId\":11,\"updateBy\":\"\",\"updateTime\":\"2023-09-06 16:45:12\",\"usableColumn\":false},{\"capJavaField\":\"UserId\",\"columnComment\":\"用户编号\",\"columnId\":122,\"columnName\":\"user_id\",\"columnType\":\"int(11)\",\"createBy\":\"admin\",\"createTime\":\"2023-06-15 10:32:52\",\"dictType\":\"\",\"edit\":true,\"htmlType\":\"input\",\"increment\":false,\"insert\":true,\"isEdit\":\"1\",\"isIncrement\":\"0\",\"isInsert\":\"1\",\"isList\":\"1\",\"isPk\":\"0\",\"isQuery\":\"1\",\"javaField\":\"userId\",\"javaType\":\"Long\",\"list\":true,\"params\":{},\"pk\":false,\"query\":true,\"queryType\":\"EQ\",\"required\":false,\"sort\":2,\"superColumn\":false,\"tableId\":11,\"updateBy\":\"\",\"updateTime\":\"2023-09-06 16:45:12\",\"usableColumn\":false},{\"capJavaField\":\"VehicleId\",\"columnComment\":\"车辆编号\",\"columnId\":123,\"columnName\":\"vehicle_id\",\"columnType\":\"int(11)\",\"createBy\":\"admin\",\"createTime\":\"2023-06-15 10:32:52\",\"dictType\":\"\",\"edit\":true,\"htmlType\":\"input\",\"increment\":false,\"insert\":true,\"isEdit\":\"1\",\"isIncrement\":\"0\",\"isInsert\":\"1\",\"isList\":\"1\",\"isPk\":\"0\",\"isQuery\":\"1\",\"javaField\":\"vehicleId\",\"javaType\":\"Long\",\"list\":true,\"params\":{},\"pk\":false,\"query\":true,\"queryType\":\"EQ\",\"required\":false,\"sort\":3,\"superColumn\":false,\"tableId\":11,\"updateBy\":\"\",\"updateTime\":\"2023-09-06 16:45:12\",\"usableColumn\":false},{\"capJavaField\":\"CreateTime\",\"columnComment\":\"创建时间\",\"columnId\":124,\"columnName\":\"create_time\",\"columnType\":\"timestamp\",\"createBy\":\"admin\",\"createTime\":\"2023-06-15 10:32:52\",\"dictType\":\"\",\"edit\":false,\"htmlType\":\"datetime\",\"increment\":false,\"insert\":true,\"isIncrement\":\"0\",\"isInsert\":\"1\",\"isPk\":\"0\",\"','{\"msg\":\"操作成功\",\"code\":200}',0,NULL,'2023-09-06 17:09:57'),(143,'代码生成',2,'com.ruoyi.generator.controller.GenController.editSave()','PUT',1,'admin',NULL,'/tool/gen','127.0.0.1','内网IP','{\"businessName\":\"vehicle\",\"className\":\"ChargingVehicle\",\"columns\":[{\"capJavaField\":\"Id\",\"columnComment\":\"编号\",\"columnId\":127,\"columnName\":\"id\",\"columnType\":\"int(11)\",\"createBy\":\"admin\",\"createTime\":\"2023-06-15 10:32:52\",\"dictType\":\"\",\"edit\":false,\"htmlType\":\"input\",\"increment\":true,\"insert\":true,\"isIncrement\":\"1\",\"isInsert\":\"1\",\"isPk\":\"1\",\"javaField\":\"id\",\"javaType\":\"Long\",\"list\":false,\"params\":{},\"pk\":true,\"query\":false,\"queryType\":\"EQ\",\"required\":false,\"sort\":1,\"superColumn\":false,\"tableId\":12,\"updateBy\":\"\",\"updateTime\":\"2023-09-06 16:45:55\",\"usableColumn\":false},{\"capJavaField\":\"Brand\",\"columnComment\":\"车辆品牌\",\"columnId\":128,\"columnName\":\"brand\",\"columnType\":\"varchar(30)\",\"createBy\":\"admin\",\"createTime\":\"2023-06-15 10:32:52\",\"dictType\":\"\",\"edit\":true,\"htmlType\":\"input\",\"increment\":false,\"insert\":true,\"isEdit\":\"1\",\"isIncrement\":\"0\",\"isInsert\":\"1\",\"isList\":\"1\",\"isPk\":\"0\",\"isQuery\":\"1\",\"javaField\":\"brand\",\"javaType\":\"String\",\"list\":true,\"params\":{},\"pk\":false,\"query\":true,\"queryType\":\"EQ\",\"required\":false,\"sort\":2,\"superColumn\":false,\"tableId\":12,\"updateBy\":\"\",\"updateTime\":\"2023-09-06 16:45:55\",\"usableColumn\":false},{\"capJavaField\":\"License\",\"columnComment\":\"车辆牌照\",\"columnId\":129,\"columnName\":\"license\",\"columnType\":\"varchar(50)\",\"createBy\":\"admin\",\"createTime\":\"2023-06-15 10:32:52\",\"dictType\":\"\",\"edit\":true,\"htmlType\":\"input\",\"increment\":false,\"insert\":true,\"isEdit\":\"1\",\"isIncrement\":\"0\",\"isInsert\":\"1\",\"isList\":\"1\",\"isPk\":\"0\",\"isQuery\":\"1\",\"javaField\":\"license\",\"javaType\":\"String\",\"list\":true,\"params\":{},\"pk\":false,\"query\":true,\"queryType\":\"EQ\",\"required\":false,\"sort\":3,\"superColumn\":false,\"tableId\":12,\"updateBy\":\"\",\"updateTime\":\"2023-09-06 16:45:55\",\"usableColumn\":false},{\"capJavaField\":\"Model\",\"columnComment\":\"车辆类型\",\"columnId\":130,\"columnName\":\"model\",\"columnType\":\"varchar(50)\",\"createBy\":\"admin\",\"createTime\":\"2023-06-15 10:32:52\",\"dictType\":\"\",\"edit\":true,\"htmlType\":\"input\",\"increment\":false,\"insert\":true,\"isEdit\":\"1\",\"isIncrement\":\"0\",\"isInsert\":\"1\",\"isList\":\"1\",\"is','{\"msg\":\"操作成功\",\"code\":200}',0,NULL,'2023-09-06 17:10:11'),(144,'代码生成',2,'com.ruoyi.generator.controller.GenController.editSave()','PUT',1,'admin',NULL,'/tool/gen','127.0.0.1','内网IP','{\"businessName\":\"exception\",\"className\":\"ChargingBillException\",\"columns\":[{\"capJavaField\":\"Id\",\"columnComment\":\"主键\",\"columnId\":136,\"columnName\":\"id\",\"columnType\":\"int(11)\",\"createBy\":\"admin\",\"createTime\":\"2023-09-06 16:35:44\",\"dictType\":\"\",\"edit\":false,\"htmlType\":\"input\",\"increment\":true,\"insert\":true,\"isIncrement\":\"1\",\"isInsert\":\"1\",\"isPk\":\"1\",\"javaField\":\"id\",\"javaType\":\"Long\",\"list\":false,\"params\":{},\"pk\":true,\"query\":false,\"queryType\":\"EQ\",\"required\":false,\"sort\":1,\"superColumn\":false,\"tableId\":13,\"updateBy\":\"\",\"updateTime\":\"2023-09-06 16:47:14\",\"usableColumn\":false},{\"capJavaField\":\"BillId\",\"columnComment\":\"订单编号\",\"columnId\":137,\"columnName\":\"bill_id\",\"columnType\":\"varchar(255)\",\"createBy\":\"admin\",\"createTime\":\"2023-09-06 16:35:44\",\"dictType\":\"\",\"edit\":true,\"htmlType\":\"input\",\"increment\":false,\"insert\":true,\"isEdit\":\"1\",\"isIncrement\":\"0\",\"isInsert\":\"1\",\"isList\":\"1\",\"isPk\":\"0\",\"isQuery\":\"1\",\"javaField\":\"billId\",\"javaType\":\"String\",\"list\":true,\"params\":{},\"pk\":false,\"query\":true,\"queryType\":\"EQ\",\"required\":false,\"sort\":2,\"superColumn\":false,\"tableId\":13,\"updateBy\":\"\",\"updateTime\":\"2023-09-06 16:47:14\",\"usableColumn\":false},{\"capJavaField\":\"Electricity\",\"columnComment\":\"电源\",\"columnId\":138,\"columnName\":\"electricity\",\"columnType\":\"decimal(10,0)\",\"createBy\":\"admin\",\"createTime\":\"2023-09-06 16:35:44\",\"dictType\":\"\",\"edit\":true,\"htmlType\":\"input\",\"increment\":false,\"insert\":true,\"isEdit\":\"1\",\"isIncrement\":\"0\",\"isInsert\":\"1\",\"isList\":\"1\",\"isPk\":\"0\",\"isQuery\":\"1\",\"javaField\":\"electricity\",\"javaType\":\"Long\",\"list\":true,\"params\":{},\"pk\":false,\"query\":true,\"queryType\":\"EQ\",\"required\":false,\"sort\":3,\"superColumn\":false,\"tableId\":13,\"updateBy\":\"\",\"updateTime\":\"2023-09-06 16:47:14\",\"usableColumn\":false},{\"capJavaField\":\"Voltage\",\"columnComment\":\"电压\",\"columnId\":139,\"columnName\":\"voltage\",\"columnType\":\"decimal(10,0)\",\"createBy\":\"admin\",\"createTime\":\"2023-09-06 16:35:44\",\"dictType\":\"\",\"edit\":true,\"htmlType\":\"input\",\"increment\":false,\"insert\":true,\"isEdit\":\"1\",\"isIncrement\":\"0\",\"isI','{\"msg\":\"操作成功\",\"code\":200}',0,NULL,'2023-09-06 17:10:22'),(145,'代码生成',2,'com.ruoyi.generator.controller.GenController.editSave()','PUT',1,'admin',NULL,'/tool/gen','127.0.0.1','内网IP','{\"businessName\":\"rule\",\"className\":\"ChargingCostRule\",\"columns\":[{\"capJavaField\":\"Id\",\"columnComment\":\"编号\",\"columnId\":144,\"columnName\":\"id\",\"columnType\":\"int(11)\",\"createBy\":\"admin\",\"createTime\":\"2023-09-06 16:37:29\",\"dictType\":\"\",\"edit\":false,\"htmlType\":\"input\",\"increment\":true,\"insert\":true,\"isIncrement\":\"1\",\"isInsert\":\"1\",\"isPk\":\"1\",\"javaField\":\"id\",\"javaType\":\"Long\",\"list\":false,\"params\":{},\"pk\":true,\"query\":false,\"queryType\":\"EQ\",\"required\":false,\"sort\":1,\"superColumn\":false,\"tableId\":14,\"updateBy\":\"\",\"updateTime\":\"2023-09-06 16:47:55\",\"usableColumn\":false},{\"capJavaField\":\"StationId\",\"columnComment\":\"充电站编号\",\"columnId\":145,\"columnName\":\"station_id\",\"columnType\":\"int(11)\",\"createBy\":\"admin\",\"createTime\":\"2023-09-06 16:37:29\",\"dictType\":\"\",\"edit\":true,\"htmlType\":\"input\",\"increment\":false,\"insert\":true,\"isEdit\":\"1\",\"isIncrement\":\"0\",\"isInsert\":\"1\",\"isList\":\"1\",\"isPk\":\"0\",\"isQuery\":\"1\",\"javaField\":\"stationId\",\"javaType\":\"Long\",\"list\":true,\"params\":{},\"pk\":false,\"query\":true,\"queryType\":\"EQ\",\"required\":false,\"sort\":2,\"superColumn\":false,\"tableId\":14,\"updateBy\":\"\",\"updateTime\":\"2023-09-06 16:47:55\",\"usableColumn\":false},{\"capJavaField\":\"Name\",\"columnComment\":\"计费名称\",\"columnId\":146,\"columnName\":\"name\",\"columnType\":\"varchar(128)\",\"createBy\":\"admin\",\"createTime\":\"2023-09-06 16:37:29\",\"dictType\":\"\",\"edit\":true,\"htmlType\":\"input\",\"increment\":false,\"insert\":true,\"isEdit\":\"1\",\"isIncrement\":\"0\",\"isInsert\":\"1\",\"isList\":\"1\",\"isPk\":\"0\",\"isQuery\":\"1\",\"javaField\":\"name\",\"javaType\":\"String\",\"list\":true,\"params\":{},\"pk\":false,\"query\":true,\"queryType\":\"LIKE\",\"required\":false,\"sort\":3,\"superColumn\":false,\"tableId\":14,\"updateBy\":\"\",\"updateTime\":\"2023-09-06 16:47:55\",\"usableColumn\":false},{\"capJavaField\":\"StartTime\",\"columnComment\":\"起始时间\",\"columnId\":147,\"columnName\":\"start_time\",\"columnType\":\"int(11)\",\"createBy\":\"admin\",\"createTime\":\"2023-09-06 16:37:29\",\"dictType\":\"\",\"edit\":true,\"htmlType\":\"input\",\"increment\":false,\"insert\":true,\"isEdit\":\"1\",\"isIncrement\":\"0\",\"isInsert\":\"1\",\"isList\":\"1','{\"msg\":\"操作成功\",\"code\":200}',0,NULL,'2023-09-06 17:10:33'),(146,'代码生成',8,'com.ruoyi.generator.controller.GenController.batchGenCode()','GET',1,'admin',NULL,'/tool/gen/batchGenCode','127.0.0.1','内网IP','{}',NULL,0,NULL,'2023-09-06 17:10:47'),(147,'代码生成',3,'com.ruoyi.generator.controller.GenController.remove()','DELETE',1,'admin',NULL,'/tool/gen/5','127.0.0.1','内网IP','{tableIds=5}','{\"msg\":\"操作成功\",\"code\":200}',0,NULL,'2023-09-06 17:19:04'),(148,'代码生成',6,'com.ruoyi.generator.controller.GenController.importTableSave()','POST',1,'admin',NULL,'/tool/gen/importTable','127.0.0.1','内网IP','\"charging_bill_succes\"','{\"msg\":\"操作成功\",\"code\":200}',0,NULL,'2023-09-06 17:19:17'),(149,'代码生成',2,'com.ruoyi.generator.controller.GenController.editSave()','PUT',1,'admin',NULL,'/tool/gen','127.0.0.1','内网IP','{\"businessName\":\"succes\",\"className\":\"ChargingBillSucces\",\"columns\":[{\"capJavaField\":\"Id\",\"columnComment\":\"编号\",\"columnId\":151,\"columnName\":\"id\",\"columnType\":\"int(10)\",\"createBy\":\"admin\",\"createTime\":\"2023-09-06 17:19:17\",\"dictType\":\"\",\"edit\":false,\"htmlType\":\"input\",\"increment\":true,\"insert\":true,\"isIncrement\":\"1\",\"isInsert\":\"1\",\"isPk\":\"1\",\"javaField\":\"id\",\"javaType\":\"Integer\",\"list\":false,\"params\":{},\"pk\":true,\"query\":false,\"queryType\":\"EQ\",\"required\":false,\"sort\":1,\"superColumn\":false,\"tableId\":15,\"updateBy\":\"\",\"usableColumn\":false},{\"capJavaField\":\"BillId\",\"columnComment\":\"订单号\",\"columnId\":152,\"columnName\":\"bill_id\",\"columnType\":\"varchar(255)\",\"createBy\":\"admin\",\"createTime\":\"2023-09-06 17:19:17\",\"dictType\":\"\",\"edit\":false,\"htmlType\":\"input\",\"increment\":false,\"insert\":true,\"isIncrement\":\"0\",\"isInsert\":\"1\",\"isPk\":\"1\",\"javaField\":\"billId\",\"javaType\":\"String\",\"list\":false,\"params\":{},\"pk\":true,\"query\":false,\"queryType\":\"EQ\",\"required\":false,\"sort\":2,\"superColumn\":false,\"tableId\":15,\"updateBy\":\"\",\"usableColumn\":false},{\"capJavaField\":\"ChargingCapacity\",\"columnComment\":\"充电量（kwh）\",\"columnId\":153,\"columnName\":\"charging_capacity\",\"columnType\":\"int(3)\",\"createBy\":\"admin\",\"createTime\":\"2023-09-06 17:19:17\",\"dictType\":\"\",\"edit\":true,\"htmlType\":\"input\",\"increment\":false,\"insert\":true,\"isEdit\":\"1\",\"isIncrement\":\"0\",\"isInsert\":\"1\",\"isList\":\"1\",\"isPk\":\"0\",\"isQuery\":\"1\",\"javaField\":\"chargingCapacity\",\"javaType\":\"Integer\",\"list\":true,\"params\":{},\"pk\":false,\"query\":true,\"queryType\":\"EQ\",\"required\":false,\"sort\":3,\"superColumn\":false,\"tableId\":15,\"updateBy\":\"\",\"usableColumn\":false},{\"capJavaField\":\"ElectricMoney\",\"columnComment\":\"电费\",\"columnId\":154,\"columnName\":\"electric_money\",\"columnType\":\"decimal(8,3)\",\"createBy\":\"admin\",\"createTime\":\"2023-09-06 17:19:17\",\"dictType\":\"\",\"edit\":true,\"htmlType\":\"input\",\"increment\":false,\"insert\":true,\"isEdit\":\"1\",\"isIncrement\":\"0\",\"isInsert\":\"1\",\"isList\":\"1\",\"isPk\":\"0\",\"isQuery\":\"1\",\"javaField\":\"electricMoney\",\"javaType\":\"BigDecimal\",\"list\":true,\"par','{\"msg\":\"操作成功\",\"code\":200}',0,NULL,'2023-09-06 17:20:26'),(150,'代码生成',2,'com.ruoyi.generator.controller.GenController.synchDb()','GET',1,'admin',NULL,'/tool/gen/synchDb/charging_vehicle','127.0.0.1','内网IP','{tableName=charging_vehicle}','{\"msg\":\"操作成功\",\"code\":200}',0,NULL,'2023-09-06 17:20:42'),(151,'代码生成',2,'com.ruoyi.generator.controller.GenController.synchDb()','GET',1,'admin',NULL,'/tool/gen/synchDb/charging_bill_fail','127.0.0.1','内网IP','{tableName=charging_bill_fail}','{\"msg\":\"操作成功\",\"code\":200}',0,NULL,'2023-09-06 17:20:52'),(152,'代码生成',2,'com.ruoyi.generator.controller.GenController.synchDb()','GET',1,'admin',NULL,'/tool/gen/synchDb/charging_operator_info','127.0.0.1','内网IP','{tableName=charging_operator_info}','{\"msg\":\"操作成功\",\"code\":200}',0,NULL,'2023-09-06 17:21:03'),(153,'代码生成',2,'com.ruoyi.generator.controller.GenController.synchDb()','GET',1,'admin',NULL,'/tool/gen/synchDb/charging_bill_prgress','127.0.0.1','内网IP','{tableName=charging_bill_prgress}',NULL,1,'同步数据失败，原表结构不存在','2023-09-06 17:21:13'),(154,'代码生成',3,'com.ruoyi.generator.controller.GenController.remove()','DELETE',1,'admin',NULL,'/tool/gen/3','127.0.0.1','内网IP','{tableIds=3}','{\"msg\":\"操作成功\",\"code\":200}',0,NULL,'2023-09-06 17:21:32'),(155,'代码生成',6,'com.ruoyi.generator.controller.GenController.importTableSave()','POST',1,'admin',NULL,'/tool/gen/importTable','127.0.0.1','内网IP','\"charging_bill_progress\"','{\"msg\":\"操作成功\",\"code\":200}',0,NULL,'2023-09-06 17:23:06'),(156,'代码生成',2,'com.ruoyi.generator.controller.GenController.editSave()','PUT',1,'admin',NULL,'/tool/gen','127.0.0.1','内网IP','{\"businessName\":\"progress\",\"className\":\"ChargingBillProgress\",\"columns\":[{\"capJavaField\":\"Id\",\"columnComment\":\"编号\",\"columnId\":173,\"columnName\":\"id\",\"columnType\":\"int(10)\",\"createBy\":\"admin\",\"createTime\":\"2023-09-06 17:23:06\",\"dictType\":\"\",\"edit\":false,\"htmlType\":\"input\",\"increment\":true,\"insert\":true,\"isIncrement\":\"1\",\"isInsert\":\"1\",\"isPk\":\"1\",\"javaField\":\"id\",\"javaType\":\"Integer\",\"list\":false,\"params\":{},\"pk\":true,\"query\":false,\"queryType\":\"EQ\",\"required\":false,\"sort\":1,\"superColumn\":false,\"tableId\":16,\"updateBy\":\"\",\"usableColumn\":false},{\"capJavaField\":\"BillId\",\"columnComment\":\"订单号\",\"columnId\":174,\"columnName\":\"bill_id\",\"columnType\":\"varchar(255)\",\"createBy\":\"admin\",\"createTime\":\"2023-09-06 17:23:06\",\"dictType\":\"\",\"edit\":false,\"htmlType\":\"input\",\"increment\":false,\"insert\":true,\"isIncrement\":\"0\",\"isInsert\":\"1\",\"isPk\":\"1\",\"javaField\":\"billId\",\"javaType\":\"String\",\"list\":false,\"params\":{},\"pk\":true,\"query\":false,\"queryType\":\"EQ\",\"required\":false,\"sort\":2,\"superColumn\":false,\"tableId\":16,\"updateBy\":\"\",\"usableColumn\":false},{\"capJavaField\":\"ChargingCapacity\",\"columnComment\":\"充电量（kwh）\",\"columnId\":175,\"columnName\":\"charging_capacity\",\"columnType\":\"float\",\"createBy\":\"admin\",\"createTime\":\"2023-09-06 17:23:06\",\"dictType\":\"\",\"edit\":true,\"htmlType\":\"input\",\"increment\":false,\"insert\":true,\"isEdit\":\"1\",\"isIncrement\":\"0\",\"isInsert\":\"1\",\"isList\":\"1\",\"isPk\":\"0\",\"isQuery\":\"1\",\"javaField\":\"chargingCapacity\",\"javaType\":\"Long\",\"list\":true,\"params\":{},\"pk\":false,\"query\":true,\"queryType\":\"EQ\",\"required\":false,\"sort\":3,\"superColumn\":false,\"tableId\":16,\"updateBy\":\"\",\"usableColumn\":false},{\"capJavaField\":\"BatteryTemperature\",\"columnComment\":\"电池温度\",\"columnId\":176,\"columnName\":\"battery_temperature\",\"columnType\":\"float(9,4)\",\"createBy\":\"admin\",\"createTime\":\"2023-09-06 17:23:06\",\"dictType\":\"\",\"edit\":true,\"htmlType\":\"input\",\"increment\":false,\"insert\":true,\"isEdit\":\"1\",\"isIncrement\":\"0\",\"isInsert\":\"1\",\"isList\":\"1\",\"isPk\":\"0\",\"isQuery\":\"1\",\"javaField\":\"batteryTemperature\",\"javaType\":\"BigDecimal\",\"','{\"msg\":\"操作成功\",\"code\":200}',0,NULL,'2023-09-06 17:24:01'),(157,'代码生成',2,'com.ruoyi.generator.controller.GenController.synchDb()','GET',1,'admin',NULL,'/tool/gen/synchDb/charging_admin','127.0.0.1','内网IP','{tableName=charging_admin}','{\"msg\":\"操作成功\",\"code\":200}',0,NULL,'2023-09-06 17:24:22'),(158,'代码生成',2,'com.ruoyi.generator.controller.GenController.synchDb()','GET',1,'admin',NULL,'/tool/gen/synchDb/charging_bill_fail','127.0.0.1','内网IP','{tableName=charging_bill_fail}','{\"msg\":\"操作成功\",\"code\":200}',0,NULL,'2023-09-06 17:24:26'),(159,'代码生成',2,'com.ruoyi.generator.controller.GenController.synchDb()','GET',1,'admin',NULL,'/tool/gen/synchDb/charging_gun_info','127.0.0.1','内网IP','{tableName=charging_gun_info}','{\"msg\":\"操作成功\",\"code\":200}',0,NULL,'2023-09-06 17:24:32'),(160,'代码生成',2,'com.ruoyi.generator.controller.GenController.synchDb()','GET',1,'admin',NULL,'/tool/gen/synchDb/charging_operator_info','127.0.0.1','内网IP','{tableName=charging_operator_info}','{\"msg\":\"操作成功\",\"code\":200}',0,NULL,'2023-09-06 17:24:38'),(161,'代码生成',2,'com.ruoyi.generator.controller.GenController.synchDb()','GET',1,'admin',NULL,'/tool/gen/synchDb/charging_pile_info','127.0.0.1','内网IP','{tableName=charging_pile_info}','{\"msg\":\"操作成功\",\"code\":200}',0,NULL,'2023-09-06 17:24:45'),(162,'代码生成',2,'com.ruoyi.generator.controller.GenController.synchDb()','GET',1,'admin',NULL,'/tool/gen/synchDb/charging_station','127.0.0.1','内网IP','{tableName=charging_station}','{\"msg\":\"操作成功\",\"code\":200}',0,NULL,'2023-09-06 17:24:53'),(163,'代码生成',2,'com.ruoyi.generator.controller.GenController.synchDb()','GET',1,'admin',NULL,'/tool/gen/synchDb/charging_user_info','127.0.0.1','内网IP','{tableName=charging_user_info}','{\"msg\":\"操作成功\",\"code\":200}',0,NULL,'2023-09-06 17:24:59'),(164,'代码生成',2,'com.ruoyi.generator.controller.GenController.synchDb()','GET',1,'admin',NULL,'/tool/gen/synchDb/charging_user_vehicle_bind','127.0.0.1','内网IP','{tableName=charging_user_vehicle_bind}','{\"msg\":\"操作成功\",\"code\":200}',0,NULL,'2023-09-06 17:25:04'),(165,'代码生成',2,'com.ruoyi.generator.controller.GenController.synchDb()','GET',1,'admin',NULL,'/tool/gen/synchDb/charging_vehicle','127.0.0.1','内网IP','{tableName=charging_vehicle}','{\"msg\":\"操作成功\",\"code\":200}',0,NULL,'2023-09-06 17:25:08'),(166,'代码生成',2,'com.ruoyi.generator.controller.GenController.synchDb()','GET',1,'admin',NULL,'/tool/gen/synchDb/charging_bill_exception','127.0.0.1','内网IP','{tableName=charging_bill_exception}','{\"msg\":\"操作成功\",\"code\":200}',0,NULL,'2023-09-06 17:25:12'),(167,'代码生成',2,'com.ruoyi.generator.controller.GenController.synchDb()','GET',1,'admin',NULL,'/tool/gen/synchDb/charging_cost_rule','127.0.0.1','内网IP','{tableName=charging_cost_rule}','{\"msg\":\"操作成功\",\"code\":200}',0,NULL,'2023-09-06 17:25:17'),(168,'代码生成',2,'com.ruoyi.generator.controller.GenController.synchDb()','GET',1,'admin',NULL,'/tool/gen/synchDb/charging_bill_succes','127.0.0.1','内网IP','{tableName=charging_bill_succes}','{\"msg\":\"操作成功\",\"code\":200}',0,NULL,'2023-09-06 17:25:20'),(169,'代码生成',2,'com.ruoyi.generator.controller.GenController.synchDb()','GET',1,'admin',NULL,'/tool/gen/synchDb/charging_bill_progress','127.0.0.1','内网IP','{tableName=charging_bill_progress}','{\"msg\":\"操作成功\",\"code\":200}',0,NULL,'2023-09-06 17:25:25'),(170,'代码生成',8,'com.ruoyi.generator.controller.GenController.batchGenCode()','GET',1,'admin',NULL,'/tool/gen/batchGenCode','127.0.0.1','内网IP','{}',NULL,0,NULL,'2023-09-06 17:26:10'),(171,'代码生成',2,'com.ruoyi.generator.controller.GenController.editSave()','PUT',1,'admin',NULL,'/tool/gen','127.0.0.1','内网IP','{\"businessName\":\"station\",\"className\":\"ChargingStation\",\"columns\":[{\"capJavaField\":\"Id\",\"columnComment\":\"主ID\",\"columnId\":88,\"columnName\":\"id\",\"columnType\":\"int(10)\",\"createBy\":\"admin\",\"createTime\":\"2023-06-15 10:32:52\",\"dictType\":\"\",\"edit\":false,\"htmlType\":\"input\",\"increment\":true,\"insert\":true,\"isIncrement\":\"1\",\"isInsert\":\"1\",\"isPk\":\"1\",\"javaField\":\"id\",\"javaType\":\"Integer\",\"list\":false,\"params\":{},\"pk\":true,\"query\":false,\"queryType\":\"EQ\",\"required\":false,\"sort\":1,\"superColumn\":false,\"tableId\":9,\"updateBy\":\"\",\"updateTime\":\"2023-09-06 17:24:53\",\"usableColumn\":false},{\"capJavaField\":\"StationCode\",\"columnComment\":\"站场编码\",\"columnId\":89,\"columnName\":\"station_code\",\"columnType\":\"char(10)\",\"createBy\":\"admin\",\"createTime\":\"2023-06-15 10:32:52\",\"dictType\":\"\",\"edit\":true,\"htmlType\":\"input\",\"increment\":false,\"insert\":true,\"isEdit\":\"1\",\"isIncrement\":\"0\",\"isInsert\":\"1\",\"isList\":\"1\",\"isPk\":\"0\",\"isQuery\":\"1\",\"isRequired\":\"1\",\"javaField\":\"stationCode\",\"javaType\":\"String\",\"list\":true,\"params\":{},\"pk\":false,\"query\":true,\"queryType\":\"EQ\",\"required\":true,\"sort\":2,\"superColumn\":false,\"tableId\":9,\"updateBy\":\"\",\"updateTime\":\"2023-09-06 17:24:53\",\"usableColumn\":false},{\"capJavaField\":\"StationName\",\"columnComment\":\"场站名称\",\"columnId\":90,\"columnName\":\"station_name\",\"columnType\":\"varchar(50)\",\"createBy\":\"admin\",\"createTime\":\"2023-06-15 10:32:52\",\"dictType\":\"\",\"edit\":true,\"htmlType\":\"input\",\"increment\":false,\"insert\":true,\"isEdit\":\"1\",\"isIncrement\":\"0\",\"isInsert\":\"1\",\"isList\":\"1\",\"isPk\":\"0\",\"isQuery\":\"1\",\"javaField\":\"stationName\",\"javaType\":\"String\",\"list\":true,\"params\":{},\"pk\":false,\"query\":true,\"queryType\":\"LIKE\",\"required\":false,\"sort\":3,\"superColumn\":false,\"tableId\":9,\"updateBy\":\"\",\"updateTime\":\"2023-09-06 17:24:53\",\"usableColumn\":false},{\"capJavaField\":\"DeviceNumber\",\"columnComment\":\"充电桩数\",\"columnId\":91,\"columnName\":\"device_number\",\"columnType\":\"int(10)\",\"createBy\":\"admin\",\"createTime\":\"2023-06-15 10:32:52\",\"dictType\":\"\",\"edit\":true,\"htmlType\":\"input\",\"increment\":false,\"insert\":true,\"isEdit','{\"msg\":\"操作成功\",\"code\":200}',0,NULL,'2023-09-13 17:04:38'),(172,'代码生成',2,'com.ruoyi.generator.controller.GenController.synchDb()','GET',1,'admin',NULL,'/tool/gen/synchDb/charging_station','127.0.0.1','内网IP','{tableName=charging_station}','{\"msg\":\"操作成功\",\"code\":200}',0,NULL,'2023-09-13 17:05:03'),(173,'代码生成',2,'com.ruoyi.generator.controller.GenController.synchDb()','GET',1,'admin',NULL,'/tool/gen/synchDb/charging_cost_rule','127.0.0.1','内网IP','{tableName=charging_cost_rule}','{\"msg\":\"操作成功\",\"code\":200}',0,NULL,'2023-09-13 17:16:00'),(174,'代码生成',8,'com.ruoyi.generator.controller.GenController.batchGenCode()','GET',1,'admin',NULL,'/tool/gen/batchGenCode','127.0.0.1','内网IP','{}',NULL,0,NULL,'2023-09-13 17:16:23'),(175,'代码生成',2,'com.ruoyi.generator.controller.GenController.synchDb()','GET',1,'admin',NULL,'/tool/gen/synchDb/charging_bill_succes','127.0.0.1','内网IP','{tableName=charging_bill_succes}','{\"msg\":\"操作成功\",\"code\":200}',0,NULL,'2023-09-21 17:17:57'),(176,'代码生成',8,'com.ruoyi.generator.controller.GenController.batchGenCode()','GET',1,'admin',NULL,'/tool/gen/batchGenCode','127.0.0.1','内网IP','{}',NULL,0,NULL,'2023-09-21 17:18:14'),(177,'代码生成',2,'com.ruoyi.generator.controller.GenController.synchDb()','GET',1,'admin',NULL,'/tool/gen/synchDb/charging_bill_fail','127.0.0.1','内网IP','{tableName=charging_bill_fail}','{\"msg\":\"操作成功\",\"code\":200}',0,NULL,'2023-09-22 11:16:20'),(178,'代码生成',8,'com.ruoyi.generator.controller.GenController.batchGenCode()','GET',1,'admin',NULL,'/tool/gen/batchGenCode','127.0.0.1','内网IP','{}',NULL,0,NULL,'2023-09-22 11:16:27'),(179,'菜单管理',1,'com.ruoyi.web.controller.system.SysMenuController.add()','POST',1,'admin',NULL,'/system/menu','127.0.0.1','内网IP','{\"children\":[],\"createBy\":\"admin\",\"icon\":\"date\",\"isCache\":\"0\",\"isFrame\":\"1\",\"menuName\":\"设备管理\",\"menuType\":\"M\",\"orderNum\":1,\"params\":{},\"parentId\":2000,\"path\":\"device\",\"status\":\"0\",\"visible\":\"0\"}','{\"msg\":\"操作成功\",\"code\":200}',0,NULL,'2023-10-09 17:54:31'),(180,'菜单管理',2,'com.ruoyi.web.controller.system.SysMenuController.edit()','PUT',1,'admin',NULL,'/system/menu','127.0.0.1','内网IP','{\"children\":[],\"component\":\"charge/operatorInfo/index\",\"createTime\":\"2023-09-08 16:51:42\",\"icon\":\"#\",\"isCache\":\"0\",\"isFrame\":\"1\",\"menuId\":2157,\"menuName\":\"运营商\",\"menuType\":\"C\",\"orderNum\":1,\"params\":{},\"parentId\":2235,\"path\":\"operatorInfo\",\"perms\":\"charge:operatorInfo:list\",\"status\":\"0\",\"updateBy\":\"admin\",\"visible\":\"0\"}','{\"msg\":\"操作成功\",\"code\":200}',0,NULL,'2023-10-09 17:55:49'),(181,'菜单管理',2,'com.ruoyi.web.controller.system.SysMenuController.edit()','PUT',1,'admin',NULL,'/system/menu','127.0.0.1','内网IP','{\"children\":[],\"component\":\"charge/station/index\",\"createTime\":\"2023-09-08 16:52:07\",\"icon\":\"#\",\"isCache\":\"0\",\"isFrame\":\"1\",\"menuId\":2163,\"menuName\":\"充电场站\",\"menuType\":\"C\",\"orderNum\":1,\"params\":{},\"parentId\":2235,\"path\":\"station\",\"perms\":\"charge:station:list\",\"status\":\"0\",\"updateBy\":\"admin\",\"visible\":\"0\"}','{\"msg\":\"操作成功\",\"code\":200}',0,NULL,'2023-10-09 18:00:07'),(182,'菜单管理',2,'com.ruoyi.web.controller.system.SysMenuController.edit()','PUT',1,'admin',NULL,'/system/menu','127.0.0.1','内网IP','{\"children\":[],\"component\":\"charge/pileInfo/index\",\"createTime\":\"2023-09-08 16:52:37\",\"icon\":\"#\",\"isCache\":\"0\",\"isFrame\":\"1\",\"menuId\":2169,\"menuName\":\"充电桩\",\"menuType\":\"C\",\"orderNum\":1,\"params\":{},\"parentId\":2235,\"path\":\"pileInfo\",\"perms\":\"charge:pileInfo:list\",\"status\":\"0\",\"updateBy\":\"admin\",\"visible\":\"0\"}','{\"msg\":\"操作成功\",\"code\":200}',0,NULL,'2023-10-09 18:00:29'),(183,'菜单管理',2,'com.ruoyi.web.controller.system.SysMenuController.edit()','PUT',1,'admin',NULL,'/system/menu','127.0.0.1','内网IP','{\"children\":[],\"component\":\"charge/info/index\",\"createTime\":\"2023-09-08 16:52:59\",\"icon\":\"#\",\"isCache\":\"0\",\"isFrame\":\"1\",\"menuId\":2175,\"menuName\":\"充电枪\",\"menuType\":\"C\",\"orderNum\":1,\"params\":{},\"parentId\":2235,\"path\":\"info\",\"perms\":\"charge:info:list\",\"status\":\"0\",\"updateBy\":\"admin\",\"visible\":\"0\"}','{\"msg\":\"操作成功\",\"code\":200}',0,NULL,'2023-10-09 18:00:43'),(184,'菜单管理',2,'com.ruoyi.web.controller.system.SysMenuController.edit()','PUT',1,'admin',NULL,'/system/menu','127.0.0.1','内网IP','{\"children\":[],\"component\":\"charge/rule/index\",\"createTime\":\"2023-09-08 16:53:20\",\"icon\":\"#\",\"isCache\":\"0\",\"isFrame\":\"1\",\"menuId\":2181,\"menuName\":\"计费规则\",\"menuType\":\"C\",\"orderNum\":1,\"params\":{},\"parentId\":2235,\"path\":\"rule\",\"perms\":\"charge:rule:list\",\"status\":\"0\",\"updateBy\":\"admin\",\"visible\":\"0\"}','{\"msg\":\"操作成功\",\"code\":200}',0,NULL,'2023-10-09 18:00:56'),(185,'菜单管理',1,'com.ruoyi.web.controller.system.SysMenuController.add()','POST',1,'admin',NULL,'/system/menu','127.0.0.1','内网IP','{\"children\":[],\"createBy\":\"admin\",\"icon\":\"money\",\"isCache\":\"0\",\"isFrame\":\"1\",\"menuName\":\"计费管理\",\"menuType\":\"M\",\"orderNum\":2,\"params\":{},\"parentId\":2000,\"path\":\"cost\",\"status\":\"0\",\"visible\":\"0\"}','{\"msg\":\"操作成功\",\"code\":200}',0,NULL,'2023-10-09 18:02:04'),(186,'菜单管理',2,'com.ruoyi.web.controller.system.SysMenuController.edit()','PUT',1,'admin',NULL,'/system/menu','127.0.0.1','内网IP','{\"children\":[],\"component\":\"charge/rule/index\",\"createTime\":\"2023-09-08 16:53:20\",\"icon\":\"#\",\"isCache\":\"0\",\"isFrame\":\"1\",\"menuId\":2181,\"menuName\":\"计费规则\",\"menuType\":\"C\",\"orderNum\":1,\"params\":{},\"parentId\":2236,\"path\":\"rule\",\"perms\":\"charge:rule:list\",\"status\":\"0\",\"updateBy\":\"admin\",\"visible\":\"0\"}','{\"msg\":\"操作成功\",\"code\":200}',0,NULL,'2023-10-09 18:02:25'),(187,'菜单管理',1,'com.ruoyi.web.controller.system.SysMenuController.add()','POST',1,'admin',NULL,'/system/menu','127.0.0.1','内网IP','{\"children\":[],\"icon\":\"people\",\"isCache\":\"0\",\"isFrame\":\"1\",\"menuName\":\"用户\",\"menuType\":\"M\",\"orderNum\":3,\"params\":{},\"parentId\":2000,\"path\":\"user\",\"status\":\"0\",\"visible\":\"0\"}','{\"msg\":\"新增菜单\'用户\'失败，菜单名称已存在\",\"code\":500}',0,NULL,'2023-10-09 18:06:39'),(188,'菜单管理',1,'com.ruoyi.web.controller.system.SysMenuController.add()','POST',1,'admin',NULL,'/system/menu','127.0.0.1','内网IP','{\"children\":[],\"createBy\":\"admin\",\"icon\":\"people\",\"isCache\":\"0\",\"isFrame\":\"1\",\"menuName\":\"用户管理\",\"menuType\":\"M\",\"orderNum\":3,\"params\":{},\"parentId\":2000,\"path\":\"user\",\"status\":\"0\",\"visible\":\"0\"}','{\"msg\":\"操作成功\",\"code\":200}',0,NULL,'2023-10-09 18:07:37'),(189,'菜单管理',2,'com.ruoyi.web.controller.system.SysMenuController.edit()','PUT',1,'admin',NULL,'/system/menu','127.0.0.1','内网IP','{\"children\":[],\"component\":\"charge/userInfo/index\",\"createTime\":\"2023-09-08 16:53:38\",\"icon\":\"#\",\"isCache\":\"0\",\"isFrame\":\"1\",\"menuId\":2187,\"menuName\":\"用户\",\"menuType\":\"C\",\"orderNum\":1,\"params\":{},\"parentId\":2237,\"path\":\"userInfo\",\"perms\":\"charge:userInfo:list\",\"status\":\"0\",\"updateBy\":\"admin\",\"visible\":\"0\"}','{\"msg\":\"操作成功\",\"code\":200}',0,NULL,'2023-10-09 18:08:03'),(190,'菜单管理',2,'com.ruoyi.web.controller.system.SysMenuController.edit()','PUT',1,'admin',NULL,'/system/menu','127.0.0.1','内网IP','{\"children\":[],\"component\":\"charge/vehicle/index\",\"createTime\":\"2023-09-08 16:53:58\",\"icon\":\"#\",\"isCache\":\"0\",\"isFrame\":\"1\",\"menuId\":2193,\"menuName\":\"车辆\",\"menuType\":\"C\",\"orderNum\":1,\"params\":{},\"parentId\":2237,\"path\":\"vehicle\",\"perms\":\"charge:vehicle:list\",\"status\":\"0\",\"updateBy\":\"admin\",\"visible\":\"0\"}','{\"msg\":\"操作成功\",\"code\":200}',0,NULL,'2023-10-09 18:08:16'),(191,'菜单管理',2,'com.ruoyi.web.controller.system.SysMenuController.edit()','PUT',1,'admin',NULL,'/system/menu','127.0.0.1','内网IP','{\"children\":[],\"component\":\"charge/bind/index\",\"createTime\":\"2023-09-08 16:54:17\",\"icon\":\"#\",\"isCache\":\"0\",\"isFrame\":\"1\",\"menuId\":2199,\"menuName\":\"车辆绑定\",\"menuType\":\"C\",\"orderNum\":1,\"params\":{},\"parentId\":2237,\"path\":\"bind\",\"perms\":\"charge:bind:list\",\"status\":\"0\",\"updateBy\":\"admin\",\"visible\":\"0\"}','{\"msg\":\"操作成功\",\"code\":200}',0,NULL,'2023-10-09 18:08:27'),(192,'菜单管理',1,'com.ruoyi.web.controller.system.SysMenuController.add()','POST',1,'admin',NULL,'/system/menu','127.0.0.1','内网IP','{\"children\":[],\"createBy\":\"admin\",\"icon\":\"table\",\"isCache\":\"0\",\"isFrame\":\"1\",\"menuName\":\"订单管理\",\"menuType\":\"M\",\"orderNum\":4,\"params\":{},\"parentId\":2000,\"path\":\"bill\",\"status\":\"0\",\"visible\":\"0\"}','{\"msg\":\"操作成功\",\"code\":200}',0,NULL,'2023-10-09 18:09:54'),(193,'菜单管理',2,'com.ruoyi.web.controller.system.SysMenuController.edit()','PUT',1,'admin',NULL,'/system/menu','127.0.0.1','内网IP','{\"children\":[],\"component\":\"charge/succes/index\",\"createTime\":\"2023-09-08 16:54:35\",\"icon\":\"#\",\"isCache\":\"0\",\"isFrame\":\"1\",\"menuId\":2205,\"menuName\":\"成功订单\",\"menuType\":\"C\",\"orderNum\":1,\"params\":{},\"parentId\":2238,\"path\":\"succes\",\"perms\":\"charge:succes:list\",\"status\":\"0\",\"updateBy\":\"admin\",\"visible\":\"0\"}','{\"msg\":\"操作成功\",\"code\":200}',0,NULL,'2023-10-09 18:10:06'),(194,'菜单管理',2,'com.ruoyi.web.controller.system.SysMenuController.edit()','PUT',1,'admin',NULL,'/system/menu','127.0.0.1','内网IP','{\"children\":[],\"component\":\"charge/fail/index\",\"createTime\":\"2023-09-08 16:54:52\",\"icon\":\"#\",\"isCache\":\"0\",\"isFrame\":\"1\",\"menuId\":2211,\"menuName\":\"失败订单\",\"menuType\":\"C\",\"orderNum\":1,\"params\":{},\"parentId\":2238,\"path\":\"fail\",\"perms\":\"charge:fail:list\",\"status\":\"0\",\"updateBy\":\"admin\",\"visible\":\"0\"}','{\"msg\":\"操作成功\",\"code\":200}',0,NULL,'2023-10-09 18:10:18'),(195,'菜单管理',2,'com.ruoyi.web.controller.system.SysMenuController.edit()','PUT',1,'admin',NULL,'/system/menu','127.0.0.1','内网IP','{\"children\":[],\"component\":\"charge/exception/index\",\"createTime\":\"2023-09-08 16:55:10\",\"icon\":\"#\",\"isCache\":\"0\",\"isFrame\":\"1\",\"menuId\":2217,\"menuName\":\"订单异常\",\"menuType\":\"C\",\"orderNum\":1,\"params\":{},\"parentId\":2238,\"path\":\"exception\",\"perms\":\"charge:exception:list\",\"status\":\"0\",\"updateBy\":\"admin\",\"visible\":\"0\"}','{\"msg\":\"操作成功\",\"code\":200}',0,NULL,'2023-10-09 18:10:27'),(196,'菜单管理',2,'com.ruoyi.web.controller.system.SysMenuController.edit()','PUT',1,'admin',NULL,'/system/menu','127.0.0.1','内网IP','{\"children\":[],\"component\":\"charge/progress/index\",\"createTime\":\"2023-09-08 16:55:53\",\"icon\":\"#\",\"isCache\":\"0\",\"isFrame\":\"1\",\"menuId\":2229,\"menuName\":\"充电进度\",\"menuType\":\"C\",\"orderNum\":1,\"params\":{},\"parentId\":2238,\"path\":\"progress\",\"perms\":\"charge:progress:list\",\"status\":\"0\",\"updateBy\":\"admin\",\"visible\":\"0\"}','{\"msg\":\"操作成功\",\"code\":200}',0,NULL,'2023-10-09 18:10:38'),(197,'菜单管理',2,'com.ruoyi.web.controller.system.SysMenuController.edit()','PUT',1,'admin',NULL,'/system/menu','127.0.0.1','内网IP','{\"children\":[],\"component\":\"charge/admin/index\",\"createTime\":\"2023-09-08 16:55:25\",\"icon\":\"#\",\"isCache\":\"0\",\"isFrame\":\"1\",\"menuId\":2223,\"menuName\":\" 管理员\",\"menuType\":\"C\",\"orderNum\":6,\"params\":{},\"parentId\":2000,\"path\":\"admin\",\"perms\":\"charge:admin:list\",\"status\":\"0\",\"updateBy\":\"admin\",\"visible\":\"0\"}','{\"msg\":\"操作成功\",\"code\":200}',0,NULL,'2023-10-09 18:10:52'),(198,'菜单管理',2,'com.ruoyi.web.controller.system.SysMenuController.edit()','PUT',1,'admin',NULL,'/system/menu','127.0.0.1','内网IP','{\"children\":[],\"component\":\"charge/admin/index\",\"createTime\":\"2023-09-08 16:55:25\",\"icon\":\"#\",\"isCache\":\"0\",\"isFrame\":\"1\",\"menuId\":2223,\"menuName\":\" 管理员\",\"menuType\":\"C\",\"orderNum\":6,\"params\":{},\"parentId\":2237,\"path\":\"admin\",\"perms\":\"charge:admin:list\",\"status\":\"0\",\"updateBy\":\"admin\",\"visible\":\"0\"}','{\"msg\":\"操作成功\",\"code\":200}',0,NULL,'2023-10-09 18:11:51'),(199,'菜单管理',2,'com.ruoyi.web.controller.system.SysMenuController.edit()','PUT',1,'admin',NULL,'/system/menu','127.0.0.1','内网IP','{\"children\":[],\"component\":\"charge/operatorInfo/index\",\"createTime\":\"2023-09-08 16:51:42\",\"icon\":\"people\",\"isCache\":\"0\",\"isFrame\":\"1\",\"menuId\":2157,\"menuName\":\"运营商\",\"menuType\":\"C\",\"orderNum\":1,\"params\":{},\"parentId\":2235,\"path\":\"operatorInfo\",\"perms\":\"charge:operatorInfo:list\",\"status\":\"0\",\"updateBy\":\"admin\",\"visible\":\"0\"}','{\"msg\":\"操作成功\",\"code\":200}',0,NULL,'2023-10-09 18:12:31'),(200,'菜单管理',2,'com.ruoyi.web.controller.system.SysMenuController.edit()','PUT',1,'admin',NULL,'/system/menu','127.0.0.1','内网IP','{\"children\":[],\"component\":\"charge/station/index\",\"createTime\":\"2023-09-08 16:52:07\",\"icon\":\"example\",\"isCache\":\"0\",\"isFrame\":\"1\",\"menuId\":2163,\"menuName\":\"充电场站\",\"menuType\":\"C\",\"orderNum\":1,\"params\":{},\"parentId\":2235,\"path\":\"station\",\"perms\":\"charge:station:list\",\"status\":\"0\",\"updateBy\":\"admin\",\"visible\":\"0\"}','{\"msg\":\"操作成功\",\"code\":200}',0,NULL,'2023-10-09 18:13:58'),(201,'菜单管理',2,'com.ruoyi.web.controller.system.SysMenuController.edit()','PUT',1,'admin',NULL,'/system/menu','127.0.0.1','内网IP','{\"children\":[],\"component\":\"charge/pileInfo/index\",\"createTime\":\"2023-09-08 16:52:37\",\"icon\":\"example\",\"isCache\":\"0\",\"isFrame\":\"1\",\"menuId\":2169,\"menuName\":\"充电桩\",\"menuType\":\"C\",\"orderNum\":1,\"params\":{},\"parentId\":2235,\"path\":\"pileInfo\",\"perms\":\"charge:pileInfo:list\",\"status\":\"0\",\"updateBy\":\"admin\",\"visible\":\"0\"}','{\"msg\":\"操作成功\",\"code\":200}',0,NULL,'2023-10-09 18:14:12'),(202,'菜单管理',2,'com.ruoyi.web.controller.system.SysMenuController.edit()','PUT',1,'admin',NULL,'/system/menu','127.0.0.1','内网IP','{\"children\":[],\"component\":\"charge/info/index\",\"createTime\":\"2023-09-08 16:52:59\",\"icon\":\"example\",\"isCache\":\"0\",\"isFrame\":\"1\",\"menuId\":2175,\"menuName\":\"充电枪\",\"menuType\":\"C\",\"orderNum\":1,\"params\":{},\"parentId\":2235,\"path\":\"info\",\"perms\":\"charge:info:list\",\"status\":\"0\",\"updateBy\":\"admin\",\"visible\":\"0\"}','{\"msg\":\"操作成功\",\"code\":200}',0,NULL,'2023-10-09 18:14:33'),(203,'菜单管理',2,'com.ruoyi.web.controller.system.SysMenuController.edit()','PUT',1,'admin',NULL,'/system/menu','127.0.0.1','内网IP','{\"children\":[],\"component\":\"charge/rule/index\",\"createTime\":\"2023-09-08 16:53:20\",\"icon\":\"money\",\"isCache\":\"0\",\"isFrame\":\"1\",\"menuId\":2181,\"menuName\":\"计费规则\",\"menuType\":\"C\",\"orderNum\":1,\"params\":{},\"parentId\":2236,\"path\":\"rule\",\"perms\":\"charge:rule:list\",\"status\":\"0\",\"updateBy\":\"admin\",\"visible\":\"0\"}','{\"msg\":\"操作成功\",\"code\":200}',0,NULL,'2023-10-09 18:15:03'),(204,'菜单管理',2,'com.ruoyi.web.controller.system.SysMenuController.edit()','PUT',1,'admin',NULL,'/system/menu','127.0.0.1','内网IP','{\"children\":[],\"component\":\"charge/userInfo/index\",\"createTime\":\"2023-09-08 16:53:38\",\"icon\":\"user\",\"isCache\":\"0\",\"isFrame\":\"1\",\"menuId\":2187,\"menuName\":\"用户\",\"menuType\":\"C\",\"orderNum\":1,\"params\":{},\"parentId\":2237,\"path\":\"userInfo\",\"perms\":\"charge:userInfo:list\",\"status\":\"0\",\"updateBy\":\"admin\",\"visible\":\"0\"}','{\"msg\":\"操作成功\",\"code\":200}',0,NULL,'2023-10-09 18:15:30'),(205,'菜单管理',2,'com.ruoyi.web.controller.system.SysMenuController.edit()','PUT',1,'admin',NULL,'/system/menu','127.0.0.1','内网IP','{\"children\":[],\"component\":\"charge/vehicle/index\",\"createTime\":\"2023-09-08 16:53:58\",\"icon\":\"button\",\"isCache\":\"0\",\"isFrame\":\"1\",\"menuId\":2193,\"menuName\":\"车辆\",\"menuType\":\"C\",\"orderNum\":1,\"params\":{},\"parentId\":2237,\"path\":\"vehicle\",\"perms\":\"charge:vehicle:list\",\"status\":\"0\",\"updateBy\":\"admin\",\"visible\":\"0\"}','{\"msg\":\"操作成功\",\"code\":200}',0,NULL,'2023-10-09 18:16:28'),(206,'菜单管理',2,'com.ruoyi.web.controller.system.SysMenuController.edit()','PUT',1,'admin',NULL,'/system/menu','127.0.0.1','内网IP','{\"children\":[],\"component\":\"charge/bind/index\",\"createTime\":\"2023-09-08 16:54:17\",\"icon\":\"button\",\"isCache\":\"0\",\"isFrame\":\"1\",\"menuId\":2199,\"menuName\":\"车辆绑定\",\"menuType\":\"C\",\"orderNum\":1,\"params\":{},\"parentId\":2237,\"path\":\"bind\",\"perms\":\"charge:bind:list\",\"status\":\"0\",\"updateBy\":\"admin\",\"visible\":\"0\"}','{\"msg\":\"操作成功\",\"code\":200}',0,NULL,'2023-10-09 18:16:39'),(207,'菜单管理',2,'com.ruoyi.web.controller.system.SysMenuController.edit()','PUT',1,'admin',NULL,'/system/menu','127.0.0.1','内网IP','{\"children\":[],\"component\":\"charge/admin/index\",\"createTime\":\"2023-09-08 16:55:25\",\"icon\":\"user\",\"isCache\":\"0\",\"isFrame\":\"1\",\"menuId\":2223,\"menuName\":\" 管理员\",\"menuType\":\"C\",\"orderNum\":6,\"params\":{},\"parentId\":2237,\"path\":\"admin\",\"perms\":\"charge:admin:list\",\"status\":\"0\",\"updateBy\":\"admin\",\"visible\":\"0\"}','{\"msg\":\"操作成功\",\"code\":200}',0,NULL,'2023-10-09 18:16:52'),(208,'菜单管理',2,'com.ruoyi.web.controller.system.SysMenuController.edit()','PUT',1,'admin',NULL,'/system/menu','127.0.0.1','内网IP','{\"children\":[],\"component\":\"charge/succes/index\",\"createTime\":\"2023-09-08 16:54:35\",\"icon\":\"shopping\",\"isCache\":\"0\",\"isFrame\":\"1\",\"menuId\":2205,\"menuName\":\"成功订单\",\"menuType\":\"C\",\"orderNum\":1,\"params\":{},\"parentId\":2238,\"path\":\"succes\",\"perms\":\"charge:succes:list\",\"status\":\"0\",\"updateBy\":\"admin\",\"visible\":\"0\"}','{\"msg\":\"操作成功\",\"code\":200}',0,NULL,'2023-10-09 18:17:42'),(209,'菜单管理',2,'com.ruoyi.web.controller.system.SysMenuController.edit()','PUT',1,'admin',NULL,'/system/menu','127.0.0.1','内网IP','{\"children\":[],\"component\":\"charge/fail/index\",\"createTime\":\"2023-09-08 16:54:52\",\"icon\":\"shopping\",\"isCache\":\"0\",\"isFrame\":\"1\",\"menuId\":2211,\"menuName\":\"失败订单\",\"menuType\":\"C\",\"orderNum\":1,\"params\":{},\"parentId\":2238,\"path\":\"fail\",\"perms\":\"charge:fail:list\",\"status\":\"0\",\"updateBy\":\"admin\",\"visible\":\"0\"}','{\"msg\":\"操作成功\",\"code\":200}',0,NULL,'2023-10-09 18:17:58'),(210,'菜单管理',2,'com.ruoyi.web.controller.system.SysMenuController.edit()','PUT',1,'admin',NULL,'/system/menu','127.0.0.1','内网IP','{\"children\":[],\"component\":\"charge/exception/index\",\"createTime\":\"2023-09-08 16:55:10\",\"icon\":\"shopping\",\"isCache\":\"0\",\"isFrame\":\"1\",\"menuId\":2217,\"menuName\":\"订单异常\",\"menuType\":\"C\",\"orderNum\":1,\"params\":{},\"parentId\":2238,\"path\":\"exception\",\"perms\":\"charge:exception:list\",\"status\":\"0\",\"updateBy\":\"admin\",\"visible\":\"0\"}','{\"msg\":\"操作成功\",\"code\":200}',0,NULL,'2023-10-09 18:18:13'),(211,'菜单管理',2,'com.ruoyi.web.controller.system.SysMenuController.edit()','PUT',1,'admin',NULL,'/system/menu','127.0.0.1','内网IP','{\"children\":[],\"component\":\"charge/progress/index\",\"createTime\":\"2023-09-08 16:55:53\",\"icon\":\"monitor\",\"isCache\":\"0\",\"isFrame\":\"1\",\"menuId\":2229,\"menuName\":\"充电进度\",\"menuType\":\"C\",\"orderNum\":1,\"params\":{},\"parentId\":2238,\"path\":\"progress\",\"perms\":\"charge:progress:list\",\"status\":\"0\",\"updateBy\":\"admin\",\"visible\":\"0\"}','{\"msg\":\"操作成功\",\"code\":200}',0,NULL,'2023-10-09 18:18:44'),(212,'菜单管理',3,'com.ruoyi.web.controller.system.SysMenuController.remove()','DELETE',1,'admin',NULL,'/system/menu/4','127.0.0.1','内网IP','{menuId=4}','{\"msg\":\"菜单已分配,不允许删除\",\"code\":500}',0,NULL,'2023-10-09 18:19:35'),(213,'菜单管理',2,'com.ruoyi.web.controller.system.SysMenuController.edit()','PUT',1,'admin',NULL,'/system/menu','127.0.0.1','内网IP','{\"children\":[],\"createTime\":\"2023-06-15 10:20:16\",\"icon\":\"guide\",\"isCache\":\"0\",\"isFrame\":\"0\",\"menuId\":4,\"menuName\":\"若依官网\",\"menuType\":\"M\",\"orderNum\":4,\"params\":{},\"parentId\":0,\"path\":\"http://ruoyi.vip\",\"perms\":\"\",\"query\":\"\",\"status\":\"1\",\"updateBy\":\"admin\",\"visible\":\"0\"}','{\"msg\":\"操作成功\",\"code\":200}',0,NULL,'2023-10-09 18:20:53');

/*Table structure for table `sys_post` */

DROP TABLE IF EXISTS `sys_post`;

CREATE TABLE `sys_post` (
  `post_id` bigint(20) NOT NULL AUTO_INCREMENT COMMENT '岗位ID',
  `post_code` varchar(64) NOT NULL COMMENT '岗位编码',
  `post_name` varchar(50) NOT NULL COMMENT '岗位名称',
  `post_sort` int(4) NOT NULL COMMENT '显示顺序',
  `status` char(1) NOT NULL COMMENT '状态（0正常 1停用）',
  `create_by` varchar(64) DEFAULT '' COMMENT '创建者',
  `create_time` datetime DEFAULT NULL COMMENT '创建时间',
  `update_by` varchar(64) DEFAULT '' COMMENT '更新者',
  `update_time` datetime DEFAULT NULL COMMENT '更新时间',
  `remark` varchar(500) DEFAULT NULL COMMENT '备注',
  PRIMARY KEY (`post_id`)
) ENGINE=InnoDB AUTO_INCREMENT=5 DEFAULT CHARSET=utf8mb4 COMMENT='岗位信息表';

/*Data for the table `sys_post` */

insert  into `sys_post`(`post_id`,`post_code`,`post_name`,`post_sort`,`status`,`create_by`,`create_time`,`update_by`,`update_time`,`remark`) values (1,'ceo','董事长',1,'0','admin','2023-06-15 10:20:13','',NULL,''),(2,'se','项目经理',2,'0','admin','2023-06-15 10:20:13','',NULL,''),(3,'hr','人力资源',3,'0','admin','2023-06-15 10:20:13','',NULL,''),(4,'user','普通员工',4,'0','admin','2023-06-15 10:20:13','',NULL,'');

/*Table structure for table `sys_role` */

DROP TABLE IF EXISTS `sys_role`;

CREATE TABLE `sys_role` (
  `role_id` bigint(20) NOT NULL AUTO_INCREMENT COMMENT '角色ID',
  `role_name` varchar(30) NOT NULL COMMENT '角色名称',
  `role_key` varchar(100) NOT NULL COMMENT '角色权限字符串',
  `role_sort` int(4) NOT NULL COMMENT '显示顺序',
  `data_scope` char(1) DEFAULT '1' COMMENT '数据范围（1：全部数据权限 2：自定数据权限 3：本部门数据权限 4：本部门及以下数据权限）',
  `menu_check_strictly` tinyint(1) DEFAULT '1' COMMENT '菜单树选择项是否关联显示',
  `dept_check_strictly` tinyint(1) DEFAULT '1' COMMENT '部门树选择项是否关联显示',
  `status` char(1) NOT NULL COMMENT '角色状态（0正常 1停用）',
  `del_flag` char(1) DEFAULT '0' COMMENT '删除标志（0代表存在 2代表删除）',
  `create_by` varchar(64) DEFAULT '' COMMENT '创建者',
  `create_time` datetime DEFAULT NULL COMMENT '创建时间',
  `update_by` varchar(64) DEFAULT '' COMMENT '更新者',
  `update_time` datetime DEFAULT NULL COMMENT '更新时间',
  `remark` varchar(500) DEFAULT NULL COMMENT '备注',
  PRIMARY KEY (`role_id`)
) ENGINE=InnoDB AUTO_INCREMENT=3 DEFAULT CHARSET=utf8mb4 COMMENT='角色信息表';

/*Data for the table `sys_role` */

insert  into `sys_role`(`role_id`,`role_name`,`role_key`,`role_sort`,`data_scope`,`menu_check_strictly`,`dept_check_strictly`,`status`,`del_flag`,`create_by`,`create_time`,`update_by`,`update_time`,`remark`) values (1,'超级管理员','admin',1,'1',1,1,'0','0','admin','2023-06-15 10:20:15','',NULL,'超级管理员'),(2,'普通角色','common',2,'2',1,1,'0','0','admin','2023-06-15 10:20:15','',NULL,'普通角色');

/*Table structure for table `sys_role_dept` */

DROP TABLE IF EXISTS `sys_role_dept`;

CREATE TABLE `sys_role_dept` (
  `role_id` bigint(20) NOT NULL COMMENT '角色ID',
  `dept_id` bigint(20) NOT NULL COMMENT '部门ID',
  PRIMARY KEY (`role_id`,`dept_id`)
) ENGINE=InnoDB DEFAULT CHARSET=utf8mb4 COMMENT='角色和部门关联表';

/*Data for the table `sys_role_dept` */

insert  into `sys_role_dept`(`role_id`,`dept_id`) values (2,100),(2,101),(2,105);

/*Table structure for table `sys_role_menu` */

DROP TABLE IF EXISTS `sys_role_menu`;

CREATE TABLE `sys_role_menu` (
  `role_id` bigint(20) NOT NULL COMMENT '角色ID',
  `menu_id` bigint(20) NOT NULL COMMENT '菜单ID',
  PRIMARY KEY (`role_id`,`menu_id`)
) ENGINE=InnoDB DEFAULT CHARSET=utf8mb4 COMMENT='角色和菜单关联表';

/*Data for the table `sys_role_menu` */

insert  into `sys_role_menu`(`role_id`,`menu_id`) values (2,1),(2,2),(2,3),(2,4),(2,100),(2,101),(2,102),(2,103),(2,104),(2,105),(2,106),(2,107),(2,108),(2,109),(2,110),(2,111),(2,112),(2,113),(2,114),(2,115),(2,116),(2,117),(2,500),(2,501),(2,1000),(2,1001),(2,1002),(2,1003),(2,1004),(2,1005),(2,1006),(2,1007),(2,1008),(2,1009),(2,1010),(2,1011),(2,1012),(2,1013),(2,1014),(2,1015),(2,1016),(2,1017),(2,1018),(2,1019),(2,1020),(2,1021),(2,1022),(2,1023),(2,1024),(2,1025),(2,1026),(2,1027),(2,1028),(2,1029),(2,1030),(2,1031),(2,1032),(2,1033),(2,1034),(2,1035),(2,1036),(2,1037),(2,1038),(2,1039),(2,1040),(2,1041),(2,1042),(2,1043),(2,1044),(2,1045),(2,1046),(2,1047),(2,1048),(2,1049),(2,1050),(2,1051),(2,1052),(2,1053),(2,1054),(2,1055),(2,1056),(2,1057),(2,1058),(2,1059),(2,1060);

/*Table structure for table `sys_user` */

DROP TABLE IF EXISTS `sys_user`;

CREATE TABLE `sys_user` (
  `user_id` bigint(20) NOT NULL AUTO_INCREMENT COMMENT '用户ID',
  `dept_id` bigint(20) DEFAULT NULL COMMENT '部门ID',
  `user_name` varchar(30) NOT NULL COMMENT '用户账号',
  `nick_name` varchar(30) NOT NULL COMMENT '用户昵称',
  `user_type` varchar(2) DEFAULT '00' COMMENT '用户类型（00系统用户）',
  `email` varchar(50) DEFAULT '' COMMENT '用户邮箱',
  `phonenumber` varchar(11) DEFAULT '' COMMENT '手机号码',
  `sex` char(1) DEFAULT '0' COMMENT '用户性别（0男 1女 2未知）',
  `avatar` varchar(100) DEFAULT '' COMMENT '头像地址',
  `password` varchar(100) DEFAULT '' COMMENT '密码',
  `status` char(1) DEFAULT '0' COMMENT '帐号状态（0正常 1停用）',
  `del_flag` char(1) DEFAULT '0' COMMENT '删除标志（0代表存在 2代表删除）',
  `login_ip` varchar(128) DEFAULT '' COMMENT '最后登录IP',
  `login_date` datetime DEFAULT NULL COMMENT '最后登录时间',
  `create_by` varchar(64) DEFAULT '' COMMENT '创建者',
  `create_time` datetime DEFAULT NULL COMMENT '创建时间',
  `update_by` varchar(64) DEFAULT '' COMMENT '更新者',
  `update_time` datetime DEFAULT NULL COMMENT '更新时间',
  `remark` varchar(500) DEFAULT NULL COMMENT '备注',
  PRIMARY KEY (`user_id`)
) ENGINE=InnoDB AUTO_INCREMENT=3 DEFAULT CHARSET=utf8mb4 COMMENT='用户信息表';

/*Data for the table `sys_user` */

insert  into `sys_user`(`user_id`,`dept_id`,`user_name`,`nick_name`,`user_type`,`email`,`phonenumber`,`sex`,`avatar`,`password`,`status`,`del_flag`,`login_ip`,`login_date`,`create_by`,`create_time`,`update_by`,`update_time`,`remark`) values (1,103,'admin','若依','00','ry@163.com','15888888888','1','','$2a$10$7JB720yubVSZvUI0rEqK/.VqGOZTH.ulu33dHOiBE8ByOhJIrdAu2','0','0','127.0.0.1','2023-10-09 17:48:55','admin','2023-06-15 10:20:12','','2023-10-09 17:48:55','管理员'),(2,105,'ry','若依','00','ry@qq.com','15666666666','1','','$2a$10$7JB720yubVSZvUI0rEqK/.VqGOZTH.ulu33dHOiBE8ByOhJIrdAu2','0','0','127.0.0.1','2023-06-15 10:20:12','admin','2023-06-15 10:20:12','',NULL,'测试员');

/*Table structure for table `sys_user_post` */

DROP TABLE IF EXISTS `sys_user_post`;

CREATE TABLE `sys_user_post` (
  `user_id` bigint(20) NOT NULL COMMENT '用户ID',
  `post_id` bigint(20) NOT NULL COMMENT '岗位ID',
  PRIMARY KEY (`user_id`,`post_id`)
) ENGINE=InnoDB DEFAULT CHARSET=utf8mb4 COMMENT='用户与岗位关联表';

/*Data for the table `sys_user_post` */

insert  into `sys_user_post`(`user_id`,`post_id`) values (1,1),(2,2);

/*Table structure for table `sys_user_role` */

DROP TABLE IF EXISTS `sys_user_role`;

CREATE TABLE `sys_user_role` (
  `user_id` bigint(20) NOT NULL COMMENT '用户ID',
  `role_id` bigint(20) NOT NULL COMMENT '角色ID',
  PRIMARY KEY (`user_id`,`role_id`)
) ENGINE=InnoDB DEFAULT CHARSET=utf8mb4 COMMENT='用户和角色关联表';

/*Data for the table `sys_user_role` */

insert  into `sys_user_role`(`user_id`,`role_id`) values (1,1),(2,2);

/*!40101 SET SQL_MODE=@OLD_SQL_MODE */;
/*!40014 SET FOREIGN_KEY_CHECKS=@OLD_FOREIGN_KEY_CHECKS */;
/*!40014 SET UNIQUE_CHECKS=@OLD_UNIQUE_CHECKS */;
/*!40111 SET SQL_NOTES=@OLD_SQL_NOTES */;
